name,games,games_start,minutes_played,field_goals,field_goals_attempted,field_goal_percentage,3_pointers,3_pointers_attempted,3pt_percentage,2_pointers,2_pointers_attempted,2pt_percentage,effective_field_goal_percentage,free_throws,free_throws_attempted,free_throw_percentage,offensive_rebounds,defensive_rebounds,total_rebounds,assists,steals,blocks,turnovers,personal_fouls,points
Chandler Parsons,32,15,20.0,2.63,6.77,0.391,1.1,3.3,0.333,1.57,3.47,0.445,0.473,0.8,1.03,0.775,0.27,2.33,2.6,1.73,0.63,0.2,1.0,1.6,7.2
Evan Turner,72,18,24.0,3.23,7.3,0.444,0.4,1.4,0.264,2.8,5.9,0.483,0.47,1.17,1.5,0.794,0.5,3.3,3.8,3.1,0.63,0.33,1.47,1.83,8.0
Allen Crabbe,66,32,28.0,3.83,9.3,0.414,2.23,5.63,0.4,1.6,3.67,0.431,0.533,1.27,1.57,0.81,0.33,3.2,3.53,1.3,0.6,0.37,0.97,2.27,11.17
DeAndre' Bembry,49,6,17.0,2.2,5.0,0.447,0.33,1.27,0.237,1.83,3.77,0.504,0.476,0.67,1.13,0.53,0.47,2.47,2.93,1.7,0.77,0.37,1.3,1.47,5.43
Damian Jones,16,7,10.0,1.23,2.07,0.572,0.0,0.0,0.0,1.23,2.07,0.572,0.572,0.5,0.93,0.516,0.83,1.27,2.1,0.43,0.23,0.53,0.53,1.67,3.0
John Collins,68,42,27.0,5.9,10.5,0.568,0.55,1.6,0.344,5.35,8.85,0.603,0.592,2.55,3.45,0.739,3.0,5.55,8.55,1.65,0.5,0.85,1.7,3.1,15.0
Trae Young,81,81,31.0,6.5,15.5,0.418,1.9,6.0,0.324,4.6,9.6,0.477,0.48,4.2,5.1,0.829,0.8,2.9,3.7,8.1,0.9,0.2,3.8,1.7,19.1
Kevin Huerter,75,59,27.0,3.7,8.8,0.419,1.8,4.7,0.385,1.9,4.1,0.457,0.522,0.5,0.7,0.732,0.8,2.5,3.3,2.9,0.9,0.3,1.5,2.1,9.7
Alex Len,74,26,20.0,3.43,6.63,0.519,0.33,0.93,0.204,3.07,5.7,0.542,0.539,2.0,2.93,0.684,2.2,4.37,6.53,0.97,0.43,1.03,1.23,2.67,9.2
Jabari Parker,49,23,28.0,6.27,12.8,0.488,1.1,3.03,0.354,5.17,9.77,0.532,0.531,2.17,2.97,0.732,1.37,4.47,5.9,2.37,0.83,0.4,1.9,2.03,15.73
Jaylen Brown,74,38,25.0,4.27,9.2,0.461,1.2,3.27,0.36,3.07,5.93,0.514,0.524,1.67,2.53,0.662,0.8,3.2,3.97,1.27,0.77,0.33,1.33,2.3,11.37
Jayson Tatum,80,80,31.0,5.45,11.75,0.463,1.4,3.45,0.403,4.05,8.3,0.488,0.522,2.6,3.05,0.841,0.75,4.8,5.5,1.85,1.05,0.7,1.45,2.1,14.8
Gordon Hayward,49,31,22.0,4.2,8.87,0.479,1.03,3.1,0.244,3.13,5.77,0.683,0.521,2.4,2.83,0.559,0.47,3.17,3.63,2.3,0.63,0.2,1.13,1.33,11.8
Semi Ojeleye,64,2,13.0,1.05,2.7,0.385,0.5,1.65,0.318,0.5,1.05,0.481,0.483,0.35,0.65,0.613,0.45,1.4,1.85,0.35,0.25,0.1,0.3,1.0,3.0
Robert Williams,32,2,9.0,1.1,1.6,0.706,0.0,0.0,0.0,1.1,1.6,0.706,0.706,0.3,0.5,0.6,0.8,1.7,2.5,0.2,0.3,1.3,0.3,1.1,2.5
Marcus Smart,71,32,29.0,3.3,8.7,0.383,1.4,4.37,0.316,1.9,4.33,0.453,0.465,1.9,2.43,0.782,0.83,2.6,3.43,4.47,1.57,0.4,1.97,2.47,9.9
Kemba Walker,80,80,35.0,8.13,18.6,0.436,3.03,8.0,0.38,5.1,10.6,0.48,0.518,4.3,5.1,0.852,0.53,3.27,3.8,5.67,1.13,0.33,2.3,1.43,23.63
Daniel Theis,64,2,14.0,2.1,3.85,0.545,0.35,0.95,0.349,1.75,2.9,0.61,0.589,0.9,1.25,0.745,1.35,2.5,3.85,0.95,0.4,0.7,0.7,2.45,5.5
Enes Kanter,70,34,24.0,5.7,10.13,0.562,0.07,0.33,0.142,5.6,9.8,0.575,0.566,2.53,3.17,0.807,3.43,5.7,9.17,1.37,0.47,0.47,1.73,2.4,14.03
Brad Wanamaker,36,0,10.0,1.4,2.9,0.476,0.4,1.1,0.41,0.9,1.8,0.515,0.552,0.7,0.8,0.857,0.1,1.1,1.1,1.6,0.3,0.1,0.5,0.9,3.9
Denzel Valentine,67,18,22.0,2.85,7.25,0.385,1.6,4.2,0.369,1.3,3.0,0.406,0.499,0.35,0.5,0.762,0.4,3.5,3.85,2.15,0.65,0.1,1.1,1.95,7.65
Kris Dunn,59,31,26.0,3.9,9.27,0.41,0.6,1.87,0.321,3.27,7.4,0.434,0.444,1.1,1.5,0.715,0.4,3.1,3.5,4.8,1.5,0.5,2.1,3.07,9.5
Lauri Markkanen,60,60,31.0,6.05,14.0,0.432,2.2,6.15,0.361,3.85,7.85,0.488,0.512,2.7,3.1,0.857,1.3,6.95,8.25,1.3,0.65,0.6,1.4,1.9,16.95
Cristiano Felício,60,5,15.0,1.93,3.4,0.567,0.0,0.03,0.0,1.93,3.37,0.573,0.567,0.9,1.37,0.666,1.57,2.6,4.17,0.73,0.3,0.2,0.7,1.6,4.8
Otto Porter,71,67,31.0,5.43,11.0,0.495,1.87,4.33,0.427,3.6,6.7,0.539,0.578,1.33,1.63,0.824,1.27,4.9,6.13,1.87,1.5,0.53,0.93,2.1,14.0
Chandler Hutchison,44,14,20.0,2.2,4.8,0.459,0.3,1.1,0.28,1.9,3.6,0.516,0.493,0.5,0.9,0.605,0.7,3.5,4.2,0.8,0.5,0.1,0.6,1.3,5.2
Wendell Carter Jr.,44,44,25.0,4.1,8.4,0.485,0.1,0.7,0.188,4.0,7.7,0.513,0.493,2.0,2.5,0.795,2.0,5.0,7.0,1.8,0.6,1.3,1.5,3.5,10.3
Zach LaVine,45,44,33.0,7.0,15.97,0.436,2.1,5.6,0.367,4.93,10.37,0.475,0.502,3.7,4.5,0.827,0.47,3.5,4.0,3.5,0.97,0.27,2.33,2.23,19.77
Antonio Blakeney,38,2,16.0,2.85,7.2,0.395,0.7,2.15,0.342,2.15,5.1,0.422,0.444,1.25,1.7,0.714,0.15,1.6,1.8,0.9,0.3,0.15,0.6,0.85,7.6
Tomáš Satoranský,70,29,21.0,2.37,4.83,0.474,0.53,1.33,0.368,1.8,3.47,0.514,0.525,1.0,1.3,0.766,0.8,1.9,2.73,3.5,0.73,0.17,1.1,1.7,6.27
Thaddeus Young,79,79,31.0,5.2,10.13,0.514,0.63,1.87,0.35,4.53,8.23,0.551,0.546,0.8,1.33,0.588,2.17,4.13,6.3,2.0,1.57,0.4,1.37,2.13,11.8
Ryan Arcidiacono,52,16,18.0,1.5,3.45,0.431,0.7,2.0,0.332,0.8,1.45,0.663,0.534,0.65,0.8,0.853,0.15,1.7,1.85,2.4,0.65,0.0,0.65,1.45,4.35
Luke Kornet,33,10,17.0,2.4,6.25,0.385,1.45,4.1,0.358,0.95,2.15,0.434,0.503,0.6,0.8,0.776,0.6,2.5,3.05,1.25,0.45,0.85,0.55,1.15,6.85
Shaquille Harrison,48,6,18.0,2.55,5.6,0.454,0.3,1.15,0.251,2.25,4.45,0.508,0.48,1.15,1.7,0.702,0.45,2.45,2.85,2.15,1.15,0.35,0.9,1.75,6.55
John Henson,49,36,20.0,2.9,5.57,0.517,0.27,0.77,0.166,2.63,4.8,0.55,0.544,0.97,1.53,0.621,1.57,4.07,5.67,1.17,0.53,1.17,0.97,2.13,7.07
Brandon Knight,48,27,25.0,4.5,11.2,0.398,1.4,4.23,0.328,3.1,7.0,0.443,0.461,2.03,2.43,0.834,0.5,2.07,2.53,3.1,0.73,0.2,1.93,1.87,12.47
Tristan Thompson,58,47,26.0,3.53,6.27,0.564,0.0,0.0,0.0,3.53,6.27,0.565,0.564,1.27,2.23,0.561,3.37,5.33,8.67,1.2,0.5,0.6,0.97,2.1,8.27
Jordan Clarkson,81,7,27.0,5.87,13.17,0.448,1.53,4.57,0.335,4.37,8.57,0.509,0.506,1.83,2.23,0.814,0.77,2.23,3.0,2.57,0.83,0.13,1.77,1.5,15.13
Bam Adebayo,76,24,22.0,2.95,5.4,0.544,0.0,0.15,0.1,2.95,5.25,0.555,0.545,1.95,2.7,0.728,1.85,4.55,6.4,1.85,0.7,0.7,1.25,2.25,7.9
James Johnson,68,26,25.0,4.0,8.47,0.472,0.93,2.87,0.328,3.1,5.63,0.544,0.528,1.47,2.1,0.706,0.7,3.67,4.33,3.3,0.87,0.77,1.83,2.43,10.47
Dion Waiters,40,34,29.0,5.33,13.0,0.412,2.0,5.67,0.359,3.33,7.33,0.457,0.492,1.33,2.03,0.628,0.3,2.57,2.83,3.63,0.8,0.3,2.0,1.9,14.03
Kelly Olynyk,77,21,22.0,3.67,7.43,0.491,1.23,3.43,0.362,2.43,4.0,0.601,0.574,1.63,2.07,0.775,1.03,4.03,5.07,2.17,0.7,0.47,1.53,2.67,10.17
Derrick Jones Jr.,37,10,16.0,1.97,3.97,0.484,0.27,0.9,0.249,1.7,3.03,0.557,0.512,0.97,1.5,0.66,1.3,1.53,2.8,0.5,0.47,0.6,0.5,1.77,5.13
Justise Winslow,51,31,30.0,4.1,10.33,0.404,0.87,2.57,0.318,3.3,7.8,0.429,0.447,1.3,2.07,0.627,1.07,4.27,5.33,3.4,1.1,0.37,1.7,2.57,10.43
Yante Maten,2,0,6.0,0.5,2.0,0.25,0.0,0.5,0.0,0.5,1.5,0.333,0.25,0.0,0.0,0.0,0.5,1.0,1.5,0.0,0.5,0.0,0.0,0.0,1.0
Duncan Robinson,15,1,11.0,1.2,3.1,0.391,0.7,2.3,0.286,0.5,0.7,0.727,0.5,0.3,0.4,0.667,0.1,1.1,1.3,0.3,0.3,0.0,0.3,0.7,3.3
Jimmy Butler,67,66,36.0,7.1,15.33,0.464,1.13,3.23,0.355,5.97,12.1,0.493,0.501,6.23,7.23,0.858,1.63,3.97,5.6,4.8,1.93,0.47,1.8,1.5,21.6
Giannis Antetokounmpo,76,76,35.0,9.37,17.23,0.543,0.63,2.33,0.278,8.73,14.93,0.586,0.562,6.43,8.57,0.753,2.03,8.43,10.43,5.37,1.47,1.6,3.2,3.13,25.83
D.J. Wilson,35,2,11.0,1.3,2.95,0.488,0.55,1.4,0.381,0.75,1.55,0.552,0.566,0.25,0.55,0.526,0.5,2.05,2.55,0.6,0.25,0.2,0.45,1.05,3.4
Sterling Brown,56,6,16.0,2.0,4.6,0.432,0.75,2.1,0.357,1.25,2.45,0.498,0.514,0.45,0.55,0.782,0.5,2.4,2.9,0.95,0.5,0.15,0.65,1.5,5.2
Donte DiVincenzo,27,0,15.0,1.9,4.6,0.403,0.8,3.1,0.265,1.0,1.5,0.683,0.492,0.3,0.4,0.75,0.6,1.8,2.4,1.1,0.5,0.2,0.7,1.4,4.9
Ersan İlyasova,73,34,23.0,3.73,8.5,0.44,1.3,3.67,0.359,2.43,4.83,0.502,0.517,1.47,1.87,0.793,1.5,3.93,5.43,1.27,0.7,0.33,1.03,2.5,10.27
Pat Connaughton,61,3,16.0,1.87,4.1,0.468,0.8,2.23,0.399,1.07,1.9,0.555,0.57,0.4,0.47,0.781,0.57,1.93,2.5,1.27,0.33,0.27,0.47,1.13,4.93
Eric Bledsoe,73,73,31.0,6.37,13.83,0.464,1.63,4.8,0.337,4.73,9.03,0.535,0.523,3.87,4.73,0.797,0.87,3.6,4.4,5.6,1.63,0.5,2.8,2.33,18.23
Bonzie Colson,8,2,12.0,1.6,4.9,0.333,0.6,2.6,0.238,1.0,2.3,0.444,0.397,1.0,1.1,0.889,1.0,2.8,3.8,0.4,0.6,0.1,0.4,0.4,4.9
Brook Lopez,77,76,27.0,5.6,12.0,0.464,1.87,5.3,0.352,3.73,6.73,0.566,0.546,2.27,2.87,0.785,1.0,3.77,4.77,1.73,0.5,1.73,1.6,2.5,15.33
George Hill,59,41,27.0,4.07,8.8,0.463,1.33,3.5,0.377,2.77,5.3,0.52,0.538,2.0,2.5,0.804,0.6,2.27,2.87,3.1,0.93,0.23,1.3,1.97,11.5
Khris Middleton,63,61,33.0,6.33,13.97,0.452,1.9,4.93,0.39,4.43,9.07,0.487,0.52,3.17,3.67,0.867,0.5,4.63,5.13,3.9,1.3,0.2,2.27,2.73,17.7
Robin Lopez,73,60,25.0,4.7,8.97,0.53,0.07,0.2,0.171,4.67,8.73,0.54,0.534,1.07,1.47,0.734,2.33,2.6,4.93,1.37,0.17,1.1,1.37,1.77,10.57
Wesley Matthews,68,68,33.0,4.37,10.93,0.4,2.33,6.27,0.372,2.07,4.67,0.437,0.506,1.73,2.17,0.816,0.37,2.67,3.03,2.63,1.03,0.23,1.33,2.23,12.8
Thanasis Antetokounmpo,2,0,3.0,1.5,2.0,0.75,0.0,0.5,0.0,1.5,1.5,1.0,0.75,0.0,0.0,0.0,0.0,0.5,0.5,0.0,0.0,0.0,0.0,1.0,3.0
Gorgui Dieng,79,28,21.0,2.97,6.0,0.494,0.23,0.67,0.341,2.73,5.27,0.517,0.515,1.3,1.57,0.806,1.57,3.93,5.53,1.23,0.77,0.73,0.93,2.27,7.43
Jeff Teague,65,64,32.0,4.73,10.77,0.437,1.03,2.97,0.353,3.7,7.83,0.468,0.485,3.4,4.03,0.839,0.37,2.77,3.17,7.67,1.23,0.37,2.47,2.17,13.87
Andrew Wiggins,79,79,36.0,7.43,17.2,0.434,1.43,4.13,0.342,6.07,13.03,0.463,0.475,3.43,4.83,0.701,1.1,3.3,4.4,2.27,1.03,0.57,1.97,2.1,19.8
Robert Covington,61,61,33.0,4.4,10.57,0.414,2.3,6.47,0.36,2.03,4.1,0.5,0.525,1.83,2.27,0.813,0.97,4.83,5.8,1.6,1.9,1.07,1.63,3.2,12.93
Josh Okogie,74,52,24.0,2.6,6.9,0.386,0.8,2.9,0.279,1.8,4.0,0.464,0.445,1.6,2.2,0.728,0.6,2.4,2.9,1.2,1.2,0.4,0.9,2.2,7.7
Keita Bates-Diop,30,3,17.0,2.0,4.7,0.423,0.4,1.7,0.25,1.6,3.0,0.522,0.468,0.6,0.9,0.643,0.5,2.2,2.8,0.6,0.6,0.5,0.5,1.0,5.0
Shabazz Napier,61,5,16.0,2.47,6.17,0.403,1.03,2.9,0.36,1.43,3.2,0.443,0.488,1.47,1.77,0.817,0.3,1.47,1.77,1.97,0.8,0.17,1.07,1.0,7.4
Treveon Graham,42,8,15.0,1.33,3.5,0.415,0.67,1.93,0.436,0.67,1.57,0.422,0.516,0.53,0.7,0.727,0.53,1.43,1.93,0.7,0.37,0.07,0.33,1.43,3.9
Karl-Anthony Towns,80,80,35.0,8.8,16.47,0.535,1.5,3.83,0.396,7.27,12.67,0.576,0.581,4.47,5.3,0.842,3.3,9.03,12.33,2.83,0.8,1.43,2.53,3.4,23.6
Jake Layman,47,12,10.0,1.37,3.27,0.366,0.43,1.53,0.26,0.97,1.77,0.453,0.428,0.4,0.53,0.712,0.37,1.03,1.43,0.43,0.3,0.2,0.33,0.87,3.6
Tyrone Wallace,46,10,19.0,2.6,5.85,0.434,0.2,0.8,0.23,2.35,5.05,0.464,0.45,1.25,1.75,0.654,0.5,2.05,2.55,1.55,0.6,0.25,1.05,2.05,6.6
Noah Vonleh,65,38,20.0,2.23,4.8,0.465,0.4,1.17,0.33,1.9,3.67,0.508,0.501,1.03,1.57,0.657,1.6,4.7,6.27,0.97,0.5,0.5,0.93,2.0,5.9
Frank Ntilikina,60,12,21.0,2.25,6.5,0.351,0.7,2.35,0.302,1.55,4.15,0.378,0.404,0.55,0.8,0.744,0.4,1.75,2.15,3.0,0.75,0.25,1.5,2.35,5.8
Dennis Smith Jr.,61,60,29.0,5.55,13.55,0.411,1.4,4.4,0.318,4.15,9.1,0.456,0.463,1.9,2.85,0.665,0.65,2.65,3.35,5.0,1.15,0.35,2.85,2.3,14.4
Damyean Dotson,58,21,19.0,2.8,6.65,0.431,1.1,3.1,0.346,1.65,3.5,0.499,0.511,0.7,0.9,0.72,0.35,2.4,2.75,1.25,0.55,0.05,0.7,1.3,7.4
Kevin Knox,75,57,29.0,4.5,12.2,0.37,1.7,4.9,0.343,2.8,7.3,0.387,0.438,2.2,3.0,0.717,0.8,3.7,4.5,1.1,0.6,0.3,1.5,2.3,12.8
Mitchell Robinson,66,19,21.0,3.1,4.4,0.694,0.0,0.0,0.0,3.1,4.4,0.694,0.694,1.2,2.0,0.6,2.7,3.7,6.4,0.6,0.8,2.4,0.5,3.3,7.3
Allonzo Trier,64,3,23.0,3.6,8.1,0.448,0.8,2.1,0.394,2.8,6.0,0.466,0.498,2.8,3.5,0.803,0.5,2.6,3.1,1.9,0.4,0.2,1.8,1.8,10.9
Kadeem Allen,18,1,14.0,1.85,4.3,0.367,0.45,1.25,0.236,1.4,3.05,0.501,0.397,1.3,1.65,0.778,0.3,1.35,1.65,2.35,0.5,0.15,0.95,1.6,5.5
Julius Randle,76,57,29.0,6.33,12.1,0.523,0.4,1.37,0.279,5.93,10.77,0.549,0.539,3.8,5.23,0.724,2.13,6.3,8.43,3.1,0.63,0.53,2.57,3.37,16.9
Taj Gibson,77,70,28.0,4.73,8.6,0.553,0.1,0.37,0.252,4.63,8.23,0.566,0.558,1.67,2.27,0.747,2.3,4.37,6.6,1.1,0.7,0.7,1.13,2.5,11.27
Bobby Portis,62,15,21.0,4.57,9.87,0.468,1.03,2.8,0.362,3.53,7.07,0.507,0.518,1.23,1.63,0.741,1.87,4.67,6.5,1.2,0.57,0.3,1.17,2.07,11.4
Wayne Ellington,64,18,25.0,3.63,8.9,0.409,2.63,6.97,0.38,1.0,1.93,0.51,0.558,0.73,0.87,0.838,0.3,2.03,2.3,1.17,0.77,0.1,0.67,1.33,10.67
Elfrid Payton,62,54,29.0,4.9,10.5,0.466,0.6,1.93,0.305,4.33,8.57,0.502,0.495,1.6,2.37,0.695,1.1,3.67,4.73,6.77,1.13,0.4,2.53,2.13,12.03
Marcus Morris,69,51,29.0,5.07,11.77,0.431,1.67,4.67,0.358,3.4,7.1,0.48,0.503,2.0,2.5,0.811,0.93,4.47,5.37,1.6,0.63,0.27,1.17,2.13,13.83
Reggie Bullock,52,39,24.0,3.3,7.43,0.441,1.73,4.37,0.402,1.53,3.1,0.497,0.557,0.67,0.77,0.79,0.37,2.0,2.43,1.47,0.67,0.17,0.7,1.17,9.03
Dennis Schröder,75,53,31.0,6.73,15.5,0.434,1.33,4.07,0.324,5.4,11.4,0.472,0.477,2.87,3.37,0.841,0.57,2.7,3.27,5.53,0.93,0.17,2.73,2.17,17.6
Steven Adams,79,79,32.0,5.53,9.23,0.598,0.0,0.0,0.0,5.53,9.2,0.6,0.598,1.97,3.57,0.557,4.5,4.27,8.73,1.3,1.27,1.0,1.73,2.6,13.03
Danilo Gallinari,51,51,32.0,5.4,12.37,0.436,2.03,5.3,0.382,3.33,7.07,0.477,0.518,4.93,5.4,0.912,0.6,4.73,5.37,2.23,0.63,0.33,1.33,1.6,17.77
Patrick Patterson,70,5,18.0,1.67,4.2,0.391,0.97,2.73,0.365,0.67,1.5,0.439,0.508,0.5,0.67,0.74,0.7,2.43,3.07,0.8,0.5,0.3,0.43,1.2,4.77
Abdel Nader,54,1,11.0,1.25,3.3,0.38,0.5,1.5,0.337,0.8,1.85,0.417,0.456,0.45,0.7,0.67,0.25,1.45,1.7,0.4,0.3,0.2,0.55,1.0,3.5
Andre Roberson,63,63,26.0,2.27,4.67,0.499,0.43,1.57,0.259,1.9,3.03,0.615,0.543,0.47,1.07,0.45,1.4,3.07,4.47,0.97,1.07,0.83,0.63,2.27,5.47
Terrance Ferguson,68,43,19.0,1.8,4.3,0.421,1.05,2.95,0.35,0.8,1.35,0.586,0.542,0.3,0.45,0.812,0.35,1.0,1.35,0.65,0.45,0.2,0.4,2.25,5.0
Shai Gilgeous-Alexander,82,73,26.0,4.2,8.7,0.476,0.6,1.7,0.367,3.5,7.0,0.503,0.512,1.9,2.4,0.8,0.7,2.1,2.8,3.3,1.2,0.5,1.7,2.1,10.8
Chris Paul,59,59,32.0,5.87,13.03,0.452,2.23,5.87,0.383,3.63,7.13,0.51,0.538,3.43,3.87,0.891,0.63,4.33,5.0,8.43,1.9,0.2,2.4,2.43,17.43
Hamidou Diallo,51,3,10.0,1.5,3.2,0.455,0.1,0.5,0.167,1.4,2.8,0.504,0.467,0.7,1.2,0.61,0.7,1.2,1.9,0.3,0.4,0.2,0.5,1.5,3.7
Deonte Burton,32,0,8.0,1.0,2.6,0.402,0.3,0.8,0.296,0.8,1.7,0.455,0.451,0.3,0.4,0.667,0.1,0.8,0.9,0.3,0.2,0.3,0.3,1.0,2.6
Donte Grantham,3,0,1.0,0.0,0.7,0.0,0.0,0.7,0.0,0.0,0.0,0.0,0.0,0.0,0.0,0.0,0.0,0.0,0.0,0.0,0.0,0.0,0.0,0.0,0.0
Nerlens Noel,53,9,17.0,2.5,4.4,0.569,0.0,0.0,0.0,2.5,4.37,0.571,0.569,0.97,1.37,0.709,1.67,3.5,5.2,0.77,1.07,0.97,0.83,2.23,6.0
Mike Muscala,62,7,19.0,2.47,5.43,0.455,1.1,2.93,0.379,1.4,2.5,0.546,0.552,0.97,1.13,0.836,1.03,2.83,3.83,1.2,0.43,0.57,0.8,1.63,6.93
D.J. Augustin,78,46,24.0,3.23,7.4,0.433,1.43,3.63,0.396,1.77,3.73,0.469,0.531,2.03,2.4,0.849,0.37,1.67,2.03,3.93,0.57,0.0,1.47,1.33,9.93
Evan Fournier,69,68,32.0,6.1,13.67,0.445,2.0,5.6,0.358,4.07,8.07,0.505,0.518,2.53,3.07,0.826,0.5,2.63,3.17,3.17,0.9,0.17,1.9,2.6,16.7
Jonathan Isaac,51,37,23.0,2.75,6.75,0.404,0.85,2.6,0.335,1.85,4.15,0.452,0.467,1.1,1.35,0.787,0.95,3.65,4.6,0.9,1.0,1.2,1.0,1.85,7.5
Markelle Fultz,16,8,20.0,3.3,8.05,0.412,0.1,0.4,0.143,3.2,7.65,0.421,0.419,0.9,1.7,0.522,1.1,2.3,3.4,3.45,0.9,0.3,1.25,2.15,7.65
Wesley Iwundu,65,12,17.0,1.6,3.75,0.42,0.25,0.95,0.282,1.3,2.85,0.46,0.456,0.85,1.15,0.769,0.55,1.9,2.45,1.0,0.45,0.25,0.55,1.55,4.35
Mohamed Bamba,47,1,16.0,2.5,5.2,0.481,0.4,1.5,0.3,2.0,3.7,0.555,0.525,0.8,1.3,0.587,1.4,3.6,5.0,0.8,0.3,1.4,0.9,2.2,6.2
Aaron Gordon,72,69,32.0,5.8,13.03,0.446,1.53,4.53,0.324,4.33,8.5,0.508,0.502,2.37,3.27,0.716,1.57,5.23,6.8,2.63,0.83,0.67,1.67,2.1,15.43
Melvin Frazier,10,0,4.0,0.7,2.1,0.333,0.0,0.6,0.0,0.7,1.5,0.467,0.333,0.1,0.4,0.25,0.3,0.2,0.5,0.1,0.1,0.0,0.1,0.6,1.5
Al-Farouq Aminu,70,58,29.0,3.17,7.77,0.407,1.37,3.97,0.347,1.8,3.87,0.464,0.495,1.47,1.83,0.77,1.37,6.13,7.5,1.37,0.97,0.57,1.17,1.83,9.13
Nikola Vučević,71,64,30.0,7.4,15.1,0.487,0.83,2.5,0.328,6.57,12.63,0.519,0.514,1.67,2.17,0.759,2.3,8.2,10.53,3.33,1.0,1.07,1.83,2.3,17.3
Terrence Ross,61,15,26.0,4.27,10.1,0.421,1.93,5.3,0.356,2.37,4.8,0.49,0.514,1.17,1.43,0.819,0.3,2.7,3.03,1.47,1.03,0.43,1.07,1.73,11.6
Michael Carter-Williams,42,7,16.0,1.87,5.2,0.357,0.33,1.3,0.245,1.57,3.9,0.397,0.389,1.27,1.77,0.726,0.63,2.2,2.87,2.4,0.77,0.47,1.07,1.97,5.33
Khem Birch,46,0,13.0,1.7,3.0,0.572,0.0,0.0,0.0,1.7,3.0,0.574,0.572,1.1,1.6,0.694,1.65,2.4,4.05,0.8,0.4,0.55,0.45,1.35,4.5
Ben Simmons,80,80,34.0,6.75,12.25,0.554,0.0,0.1,0.0,6.75,12.15,0.558,0.554,2.85,4.8,0.58,2.0,6.45,8.45,7.95,1.55,0.85,3.45,2.6,16.35
Josh Richardson,69,63,33.0,4.83,11.57,0.419,1.73,4.9,0.355,3.1,6.67,0.466,0.494,1.77,2.17,0.828,0.77,2.7,3.43,3.2,1.23,0.7,1.47,2.57,13.23
Joel Embiid,53,53,30.0,7.9,16.43,0.478,1.13,3.57,0.325,6.7,12.9,0.519,0.513,6.7,8.47,0.785,2.27,8.57,10.8,3.0,0.73,2.07,3.67,3.4,23.53
Zhaire Smith,6,2,18.0,2.3,5.7,0.412,1.0,2.7,0.375,1.3,3.0,0.444,0.5,1.0,1.3,0.75,0.5,1.7,2.2,1.7,0.3,0.3,1.0,1.3,6.7
Jonah Bolden,44,10,14.0,1.8,3.7,0.494,0.8,2.2,0.354,1.0,1.5,0.697,0.599,0.3,0.6,0.481,1.1,2.7,3.8,0.9,0.4,0.9,0.8,2.3,4.7
Shake Milton,20,0,13.0,1.7,4.4,0.391,0.7,2.2,0.318,1.0,2.2,0.465,0.471,0.3,0.4,0.714,0.5,1.3,1.8,0.9,0.4,0.4,0.3,1.5,4.4
Al Horford,69,69,31.0,5.47,10.97,0.499,1.23,3.23,0.381,4.23,7.7,0.547,0.555,1.33,1.7,0.801,1.53,5.43,6.97,4.63,0.77,1.23,1.67,1.93,13.5
Tobias Harris,81,70,33.0,6.9,14.53,0.476,1.83,4.73,0.385,5.03,9.77,0.518,0.539,2.57,3.07,0.845,0.77,5.33,6.17,2.3,0.73,0.47,1.43,1.97,18.23
Mike Scott,58,1,16.0,2.2,5.17,0.405,0.8,2.27,0.318,1.43,2.9,0.462,0.477,0.47,0.6,0.733,0.6,2.33,2.97,0.93,0.27,0.17,0.67,1.53,5.7
Kyle O'Quinn,67,7,14.0,2.37,4.4,0.537,0.03,0.23,0.145,2.37,4.2,0.562,0.541,0.83,1.07,0.784,1.4,3.37,4.77,1.6,0.4,1.07,1.0,2.07,5.63
James Ennis,65,26,22.0,2.4,5.13,0.466,0.8,2.3,0.353,1.57,2.83,0.561,0.546,1.2,1.57,0.778,1.03,2.4,3.4,0.9,0.7,0.33,0.77,2.37,6.83
Raul Neto,39,0,11.0,1.57,3.47,0.456,0.43,1.17,0.353,1.17,2.23,0.511,0.516,0.53,0.67,0.827,0.17,1.07,1.23,1.73,0.4,0.1,0.73,1.13,4.1
Tyler Johnson,67,20,28.0,4.33,10.13,0.427,1.53,4.17,0.362,2.8,6.0,0.476,0.502,1.97,2.5,0.779,0.6,2.9,3.47,2.8,0.97,0.53,1.23,2.07,12.1
Dario Šarić,80,50,27.0,4.57,10.47,0.434,1.6,4.43,0.356,2.97,6.03,0.49,0.51,2.0,2.43,0.841,1.67,4.6,6.2,2.13,0.67,0.27,1.8,2.1,12.67
Deandre Ayton,71,70,31.0,7.2,12.3,0.585,0.0,0.1,0.0,7.2,12.2,0.588,0.585,2.0,2.7,0.746,3.1,7.1,10.3,1.8,0.9,0.9,1.8,2.9,16.3
Mikal Bridges,82,56,30.0,3.0,6.9,0.43,1.3,3.8,0.335,1.7,3.0,0.548,0.523,1.2,1.4,0.805,0.7,2.5,3.2,2.1,1.6,0.5,0.9,2.5,8.3
Aron Baynes,69,29,17.0,2.2,4.53,0.485,0.13,0.5,0.162,2.03,4.03,0.506,0.502,0.93,1.17,0.817,1.6,3.27,4.83,0.87,0.23,0.6,0.83,2.4,5.5
Élie Okobo,53,16,18.0,2.2,5.5,0.393,0.7,2.5,0.295,1.4,3.0,0.475,0.46,0.7,0.9,0.787,0.2,1.6,1.8,2.4,0.6,0.1,1.3,2.1,5.7
Devin Booker,65,65,35.0,8.47,19.13,0.441,2.23,6.27,0.357,6.2,12.9,0.481,0.499,5.4,6.3,0.859,0.57,3.37,3.93,4.97,0.9,0.27,3.6,3.1,24.53
Jevon Carter,39,3,15.0,1.4,4.7,0.303,0.9,2.6,0.333,0.6,2.1,0.265,0.395,0.7,0.8,0.813,0.4,1.3,1.7,1.8,0.7,0.3,0.8,1.4,4.4
Ricky Rubio,73,73,30.0,4.1,10.03,0.408,1.07,3.27,0.323,3.03,6.77,0.449,0.461,3.07,3.5,0.871,0.67,3.43,4.1,6.83,1.53,0.1,2.63,2.67,12.3
Kelly Oubre Jr.,76,12,25.0,3.9,9.2,0.423,1.3,3.97,0.316,2.67,5.23,0.502,0.491,2.0,2.57,0.784,0.83,3.33,4.17,1.0,0.97,0.5,1.07,2.67,11.1
Frank Kaminsky,67,7,22.0,3.7,8.7,0.43,1.3,3.73,0.356,2.4,5.0,0.489,0.506,1.77,2.3,0.764,0.73,3.13,3.87,1.7,0.47,0.33,0.9,1.5,10.47
Damian Lillard,76,76,36.0,8.6,19.47,0.442,3.0,8.1,0.367,5.67,11.33,0.497,0.519,6.4,7.03,0.908,0.77,3.9,4.67,6.47,1.03,0.37,2.7,1.83,26.57
CJ McCollum,77,77,35.0,8.37,18.13,0.461,2.33,5.93,0.398,6.0,12.2,0.492,0.526,2.77,3.17,0.859,0.8,3.1,3.87,3.33,0.9,0.43,1.87,2.37,21.8
Kent Bazemore,68,55,26.0,4.17,10.2,0.41,1.47,4.1,0.353,2.73,6.07,0.45,0.482,2.0,2.67,0.743,0.53,3.07,3.63,2.73,1.33,0.67,1.97,2.37,11.83
Hassan Whiteside,68,61,27.0,6.07,10.9,0.556,0.0,0.07,0.042,6.03,10.83,0.559,0.557,2.27,3.8,0.593,3.53,8.77,12.27,0.83,0.67,1.9,1.67,2.67,14.43
Skal Labissière,38,14,16.0,2.7,5.47,0.505,0.23,0.57,0.397,2.5,4.93,0.519,0.534,1.2,1.67,0.679,1.2,2.7,3.9,0.83,0.37,0.5,0.93,1.8,6.83
Zach Collins,72,0,17.0,2.1,4.8,0.435,0.5,1.65,0.321,1.55,3.15,0.495,0.491,0.8,1.1,0.695,1.05,2.75,3.75,0.85,0.3,0.7,0.95,2.15,5.5
Anfernee Simons,20,1,7.0,1.4,3.2,0.444,0.5,1.5,0.345,0.9,1.7,0.529,0.524,0.5,0.8,0.563,0.2,0.5,0.7,0.7,0.1,0.0,0.6,0.5,3.8
Jusuf Nurkić,72,66,25.0,5.37,10.57,0.507,0.0,0.17,0.034,5.37,10.4,0.513,0.507,2.63,3.93,0.658,2.73,6.13,8.87,2.3,0.87,1.3,2.27,3.03,13.37
Gary Trent Jr.,15,1,7.0,1.1,3.3,0.32,0.3,1.4,0.238,0.7,1.9,0.379,0.37,0.2,0.5,0.429,0.1,0.7,0.7,0.3,0.1,0.1,0.3,0.3,2.7
Anthony Tolliver,70,8,20.0,2.23,5.13,0.429,1.53,3.8,0.401,0.7,1.33,0.502,0.58,0.97,1.3,0.775,0.53,2.6,3.13,1.0,0.4,0.3,0.73,1.63,7.0
Mario Hezonja,66,19,19.0,2.9,7.1,0.403,0.87,2.8,0.304,2.03,4.33,0.466,0.464,1.07,1.4,0.794,0.43,2.9,3.33,1.3,0.87,0.23,1.17,1.6,7.77
Rodney Hood,64,42,27.0,4.7,11.03,0.424,1.73,4.7,0.369,2.97,6.37,0.462,0.502,1.77,2.1,0.842,0.33,2.47,2.8,1.67,0.73,0.2,1.03,2.0,12.87
Buddy Hield,81,50,27.0,5.6,12.57,0.443,2.47,5.87,0.416,3.13,6.63,0.468,0.541,1.27,1.43,0.868,0.8,3.27,4.03,1.97,0.77,0.27,1.53,1.93,14.93
Caleb Swanigan,24,2,8.0,0.9,2.35,0.37,0.0,0.3,0.134,0.85,2.05,0.406,0.378,0.35,0.55,0.667,0.7,1.8,2.5,0.5,0.25,0.05,0.8,1.35,2.15
Harry Giles,58,0,14.0,3.0,6.0,0.503,0.0,0.1,0.0,3.0,5.9,0.512,0.503,1.0,1.6,0.637,1.1,2.7,3.8,1.5,0.5,0.4,1.3,2.6,7.0
De'Aaron Fox,77,70,30.0,5.35,12.25,0.435,0.85,2.5,0.339,4.5,9.75,0.459,0.469,2.8,3.9,0.725,0.5,2.75,3.3,5.85,1.3,0.45,2.6,2.35,14.45
Bogdan Bogdanović,74,35,28.0,4.8,11.1,0.432,1.8,4.75,0.376,3.0,6.35,0.474,0.512,1.6,1.9,0.834,0.5,2.7,3.2,3.55,0.95,0.2,1.65,2.1,12.95
Marvin Bagley III,62,4,25.0,5.7,11.4,0.504,0.5,1.5,0.313,5.3,9.8,0.534,0.525,2.9,4.2,0.691,2.6,5.0,7.6,1.0,0.5,1.0,1.6,1.9,14.9
Nemanja Bjelica,70,31,21.0,2.87,6.23,0.455,1.1,2.9,0.377,1.77,3.33,0.525,0.544,0.7,0.93,0.766,1.1,3.43,4.57,1.47,0.67,0.4,0.93,2.37,7.53
Yogi Ferrell,66,18,23.0,3.17,7.5,0.422,1.3,3.43,0.374,1.87,4.03,0.462,0.507,1.13,1.37,0.841,0.3,2.03,2.3,2.7,0.73,0.13,1.03,1.6,8.7
B.J. Johnson,7,0,7.0,1.3,2.6,0.5,0.4,1.0,0.429,0.9,1.6,0.545,0.583,0.3,0.3,1.0,0.3,0.9,1.1,0.0,0.3,0.0,0.3,0.6,3.3
Cory Joseph,81,16,26.0,3.2,7.47,0.429,0.7,2.03,0.344,2.5,5.4,0.463,0.477,0.83,1.03,0.738,0.53,2.63,3.17,3.47,0.97,0.23,1.17,1.7,7.9
Trevor Ariza,72,72,34.0,4.13,10.13,0.407,2.33,6.7,0.349,1.8,3.4,0.523,0.523,1.4,1.77,0.795,0.63,4.57,5.17,2.5,1.53,0.27,1.07,1.87,11.97
Harrison Barnes,78,78,34.0,6.73,15.07,0.444,1.6,4.27,0.368,5.1,10.8,0.47,0.499,3.17,3.77,0.837,0.97,4.27,5.27,1.67,0.67,0.2,1.37,1.47,18.17
Dewayne Dedmon,67,45,22.0,3.37,6.43,0.546,0.7,1.9,0.246,2.7,4.53,0.596,0.59,1.13,1.47,0.764,1.63,5.67,7.3,1.17,0.73,0.9,1.17,2.77,8.63
Richaun Holmes,58,8,18.0,3.33,5.8,0.575,0.2,0.67,0.16,3.17,5.17,0.613,0.589,1.3,1.83,0.697,1.47,3.37,4.87,1.07,0.57,0.9,0.73,2.4,8.17
Tyler Lydon,13,0,3.0,0.2,0.35,0.25,0.1,0.2,0.2,0.1,0.15,0.312,0.305,0.0,0.05,0.167,0.15,0.2,0.35,0.1,0.05,0.0,0.1,0.2,0.45
Dejounte Murray,60,28,15.0,2.3,5.3,0.437,0.15,0.5,0.328,2.15,4.75,0.448,0.461,0.95,1.3,0.705,0.8,2.6,3.4,2.1,0.7,0.3,1.35,1.35,5.75
DeMar DeRozan,77,77,35.0,8.67,18.57,0.468,0.53,1.97,0.244,8.13,16.6,0.49,0.483,6.0,7.13,0.832,0.77,4.27,5.03,5.1,1.1,0.33,2.4,2.0,23.83
Jakob Pöltl,71,9,16.0,2.23,3.53,0.629,0.0,0.0,0.0,2.23,3.53,0.629,0.629,0.63,1.17,0.557,1.9,2.47,4.4,0.7,0.4,0.83,0.7,2.1,5.17
Derrick White,42,28,17.0,2.4,5.0,0.482,0.6,1.45,0.477,1.85,3.6,0.465,0.565,1.1,1.5,0.736,0.4,2.2,2.6,2.2,0.6,0.45,0.9,1.35,6.55
Patty Mills,81,15,24.0,3.4,8.07,0.425,1.87,4.77,0.393,1.53,3.27,0.473,0.542,1.07,1.23,0.856,0.3,1.67,1.97,3.1,0.7,0.07,1.23,1.53,9.8
LaMarcus Aldridge,76,76,33.0,8.17,16.3,0.502,0.27,0.83,0.314,7.9,15.43,0.511,0.51,3.97,4.73,0.832,2.93,5.4,8.33,2.1,0.57,1.23,1.57,2.17,20.57
Lonnie Walker,17,0,7.0,0.9,2.7,0.348,0.3,0.8,0.385,0.6,1.9,0.333,0.402,0.5,0.6,0.8,0.0,1.0,1.0,0.5,0.4,0.2,0.2,0.4,2.6
Marco Belinelli,78,1,24.0,3.8,8.87,0.428,1.73,4.57,0.37,2.1,4.27,0.488,0.524,1.77,1.97,0.901,0.23,2.03,2.27,1.87,0.6,0.13,1.0,1.27,11.03
Bryn Forbes,66,31,18.0,2.67,6.2,0.414,1.23,3.13,0.379,1.43,3.1,0.449,0.509,0.5,0.7,0.795,0.17,1.5,1.63,1.23,0.3,0.0,0.6,1.3,7.1
Chimezie Metu,29,0,5.0,0.7,2.0,0.328,0.0,0.1,0.0,0.7,1.9,0.339,0.328,0.4,0.6,0.765,0.3,0.9,1.2,0.4,0.2,0.1,0.5,0.5,1.8
Drew Eubanks,23,0,5.0,0.7,1.1,0.577,0.0,0.0,0.0,0.7,1.1,0.577,0.577,0.5,0.6,0.846,0.3,1.2,1.5,0.3,0.1,0.2,0.3,0.5,1.8
DeMarre Carroll,71,51,27.0,3.67,9.0,0.403,1.7,4.8,0.351,1.93,4.2,0.466,0.497,2.17,2.87,0.762,1.1,4.07,5.2,1.43,0.8,0.3,1.1,2.0,11.17
Rudy Gay,52,29,27.0,5.5,11.63,0.477,1.03,2.87,0.363,4.5,8.83,0.512,0.521,2.53,3.07,0.814,1.13,4.97,6.07,2.23,1.03,0.7,1.87,2.2,14.63
Trey Lyles,69,3,18.0,3.03,7.13,0.424,0.93,3.0,0.318,2.1,4.13,0.497,0.491,1.17,1.63,0.709,0.73,3.27,3.97,1.2,0.43,0.4,0.93,1.47,8.2
Marc Gasol,75,73,33.0,6.0,13.63,0.442,1.4,3.83,0.364,4.67,9.83,0.474,0.494,3.33,4.1,0.81,0.97,6.47,7.43,4.4,0.9,1.27,2.3,2.5,16.77
Pascal Siakam,72,41,23.0,3.83,7.2,0.52,0.47,1.47,0.244,3.4,5.73,0.576,0.544,1.37,1.83,0.698,1.27,3.67,4.93,1.8,0.73,0.67,1.1,2.33,9.47
OG Anunoby,70,34,20.0,2.45,5.35,0.462,1.0,2.85,0.352,1.45,2.5,0.589,0.556,0.5,0.85,0.605,0.75,2.0,2.7,0.7,0.7,0.25,0.7,1.95,6.45
Kyle Lowry,68,68,35.0,5.67,12.93,0.434,2.9,7.47,0.386,2.77,5.47,0.502,0.547,3.47,4.13,0.834,0.73,4.3,5.07,7.53,1.33,0.33,2.67,2.63,17.6
Serge Ibaka,76,69,28.0,5.77,11.53,0.497,1.23,3.4,0.347,4.53,8.13,0.556,0.551,1.47,1.87,0.805,1.57,5.5,7.07,1.0,0.43,1.43,1.33,2.8,14.13
Norman Powell,69,13,17.0,2.77,6.23,0.444,0.87,2.6,0.336,1.93,3.63,0.524,0.515,1.07,1.33,0.813,0.27,1.83,2.07,1.3,0.63,0.2,0.97,1.63,7.5
Fred VanVleet,59,9,18.0,2.67,6.53,0.396,1.17,2.93,0.39,1.5,3.57,0.406,0.476,1.03,1.23,0.831,0.23,1.8,2.03,2.97,0.73,0.23,0.9,1.47,7.5
Malcolm Miller,12,2,8.0,1.0,2.25,0.444,0.75,1.75,0.428,0.2,0.5,0.457,0.611,0.3,0.35,0.875,0.2,0.55,0.75,0.15,0.1,0.1,0.2,0.6,3.0
Chris Boucher,14,0,3.0,0.6,1.85,0.224,0.2,1.15,0.162,0.4,0.7,0.282,0.263,0.25,0.25,0.433,0.3,1.2,1.5,0.05,0.1,0.45,0.15,0.55,1.65
Jordan Loyd,12,0,5.0,0.7,1.5,0.444,0.3,0.7,0.5,0.3,0.8,0.4,0.556,0.8,0.9,0.818,0.1,0.7,0.8,0.5,0.0,0.0,0.2,0.4,2.4
Patrick McCaw,52,10,15.0,1.33,3.2,0.418,0.4,1.37,0.297,0.93,1.8,0.507,0.484,0.43,0.53,0.805,0.27,1.23,1.5,1.17,0.7,0.17,0.6,1.13,3.53
Stanley Johnson,71,19,21.0,2.43,6.5,0.372,0.83,2.9,0.289,1.63,3.6,0.44,0.436,0.97,1.27,0.744,0.5,2.67,3.17,1.43,1.0,0.23,1.07,1.9,6.67
Rondae Hollis-Jefferson,68,43,24.0,3.8,8.6,0.439,0.2,0.83,0.216,3.6,7.8,0.463,0.449,2.7,3.63,0.728,1.37,4.57,5.97,2.03,0.93,0.6,1.5,2.07,10.5
Rudy Gobert,73,72,33.0,5.3,8.13,0.651,0.0,0.0,0.0,5.3,8.13,0.651,0.651,3.83,5.87,0.657,3.53,8.57,12.13,1.53,0.73,2.4,1.77,2.87,14.47
Mike Conley,50,50,33.0,6.33,14.87,0.426,2.23,6.2,0.361,4.1,8.7,0.473,0.501,4.63,5.53,0.836,0.33,2.7,3.07,5.6,1.2,0.3,1.9,1.87,19.57
Donovan Mitchell,78,74,34.0,8.05,18.55,0.435,2.4,6.85,0.351,5.65,11.7,0.485,0.499,3.55,4.45,0.805,0.75,3.2,3.9,3.95,1.45,0.35,2.75,2.7,22.15
Tony Bradley,6,0,8.0,1.5,3.25,0.387,0.0,0.05,0.0,1.5,3.2,0.4,0.387,0.25,0.45,0.75,1.7,1.4,3.1,0.2,0.35,0.35,0.5,1.05,3.3
Royce O'Neale,76,10,19.0,1.85,4.15,0.449,0.7,1.9,0.371,1.15,2.2,0.519,0.535,0.65,0.8,0.782,0.35,3.15,3.45,1.45,0.6,0.25,0.85,1.8,5.1
Joe Ingles,82,63,29.0,3.67,8.03,0.456,2.1,5.0,0.424,1.57,3.03,0.507,0.588,0.83,1.1,0.746,0.33,3.47,3.8,4.4,1.17,0.17,1.87,2.13,10.23
Dante Exum,41,9,17.0,2.57,5.8,0.443,0.5,1.7,0.288,2.1,4.13,0.506,0.485,1.43,1.77,0.797,0.4,1.43,1.83,2.47,0.4,0.17,1.27,1.73,7.07
Georges Niang,30,0,5.0,0.77,1.97,0.363,0.23,0.9,0.164,0.47,1.03,0.49,0.407,0.17,0.23,0.778,0.2,0.9,1.07,0.37,0.17,0.03,0.3,0.47,1.97
Bojan Bogdanović,81,72,29.0,5.37,11.37,0.472,1.9,4.8,0.398,3.47,6.53,0.528,0.557,2.63,3.13,0.856,0.43,3.23,3.63,1.63,0.67,0.07,1.53,1.7,15.33
Ian Mahinmi,47,2,16.0,1.77,3.3,0.531,0.03,0.17,0.063,1.73,3.13,0.549,0.536,1.27,1.97,0.655,1.57,2.67,4.23,0.67,0.77,0.6,1.0,2.8,4.83
Bradley Beal,80,80,36.0,8.63,18.3,0.472,2.6,7.0,0.377,6.03,11.33,0.531,0.544,3.9,4.8,0.808,0.83,3.33,4.17,4.5,1.27,0.47,2.43,2.33,23.77
C.J. Miles,66,11,20.0,3.0,7.67,0.391,1.93,5.23,0.368,1.07,2.4,0.441,0.516,1.07,1.23,0.855,0.3,2.0,2.33,0.7,0.53,0.3,0.57,1.8,9.03
John Wall,50,50,35.0,7.6,17.33,0.438,1.4,4.3,0.333,6.2,13.03,0.474,0.479,4.5,6.07,0.741,0.6,3.23,3.83,9.67,1.63,0.87,3.93,2.03,21.07
Moritz Wagner,43,5,10.0,1.7,4.0,0.415,0.5,1.8,0.286,1.1,2.2,0.521,0.48,1.0,1.2,0.811,0.4,1.6,2.0,0.6,0.3,0.3,0.9,1.3,4.8
Troy Brown Jr.,52,10,14.0,1.9,4.5,0.415,0.4,1.3,0.319,1.4,3.2,0.455,0.462,0.6,0.9,0.681,0.7,2.1,2.8,1.5,0.4,0.1,0.6,1.1,4.8
Isaac Bonga,22,0,6.0,0.2,1.5,0.152,0.0,0.4,0.0,0.2,1.1,0.2,0.152,0.4,0.7,0.6,0.4,0.7,1.1,0.7,0.4,0.2,0.3,0.4,0.9
Dāvis Bertāns,73,9,16.0,2.1,4.77,0.443,1.37,3.43,0.4,0.73,1.3,0.553,0.589,0.53,0.63,0.841,0.27,2.03,2.33,1.0,0.37,0.4,0.53,1.37,6.13
Jemerrio Jones,6,2,24.0,2.0,5.5,0.364,0.3,1.7,0.2,1.7,3.8,0.435,0.394,0.2,0.3,0.5,2.7,5.5,8.2,2.2,1.2,0.8,0.8,1.7,4.5
Jordan McRae,29,2,11.0,1.8,4.13,0.431,0.47,1.23,0.365,1.37,2.9,0.457,0.485,0.9,1.17,0.781,0.2,0.97,1.17,0.9,0.27,0.17,0.57,0.87,4.93
Thomas Bryant,44,26,13.0,2.4,4.2,0.498,0.3,1.05,0.217,2.15,3.15,0.661,0.526,0.9,1.25,0.668,0.9,2.8,3.7,0.85,0.2,0.5,0.45,1.1,6.0
Ish Smith,73,22,24.0,4.17,9.23,0.448,0.5,1.63,0.313,3.63,7.6,0.476,0.476,0.9,1.27,0.721,0.33,2.4,2.73,4.4,0.7,0.27,1.27,1.73,9.73
Isaiah Thomas,40,30,25.0,5.57,13.63,0.393,1.97,6.0,0.317,3.6,7.63,0.453,0.463,4.3,4.97,0.811,0.5,1.47,1.97,4.2,0.6,0.13,2.43,1.8,17.4
Taurean Prince,65,46,25.0,3.93,9.17,0.422,1.63,4.33,0.366,2.27,4.83,0.467,0.506,1.63,1.97,0.817,0.47,3.17,3.67,1.87,0.9,0.43,1.7,2.07,11.1
Caris LeVert,56,20,25.0,4.23,9.73,0.438,1.13,3.53,0.327,3.1,6.17,0.511,0.5,1.73,2.43,0.707,0.67,2.9,3.6,3.33,1.07,0.27,1.63,1.9,11.33
Jarrett Allen,76,56,23.0,3.75,6.3,0.589,0.1,0.4,0.233,3.65,5.9,0.614,0.595,2.05,2.75,0.742,2.2,4.7,6.9,1.05,0.45,1.35,1.2,2.15,9.55
Džanan Musa,9,0,4.0,1.0,2.4,0.409,0.1,1.1,0.1,0.9,1.3,0.667,0.432,0.0,0.2,0.0,0.1,0.4,0.6,0.2,0.2,0.0,0.4,0.1,2.1
Rodions Kurucs,63,46,20.0,3.2,7.1,0.45,0.9,2.9,0.315,2.3,4.2,0.543,0.514,1.1,1.5,0.783,0.9,3.0,3.9,0.8,0.7,0.4,1.2,2.3,8.5
Joe Harris,69,34,26.0,3.93,8.27,0.472,1.97,4.67,0.426,1.93,3.63,0.535,0.592,1.07,1.33,0.789,0.57,2.77,3.3,1.67,0.5,0.23,1.3,2.23,10.9
Spencer Dinwiddie,69,27,26.0,3.93,9.27,0.424,1.4,4.17,0.346,2.5,5.07,0.486,0.498,3.0,3.77,0.804,0.47,2.37,2.8,4.77,0.73,0.33,1.63,2.37,12.23
Kevin Durant,69,69,34.0,9.13,17.4,0.525,2.07,5.37,0.382,7.07,12.07,0.587,0.584,5.47,6.2,0.883,0.5,6.63,7.17,5.37,0.83,1.5,2.7,1.97,25.83
DeAndre Jordan,76,76,31.0,4.67,7.03,0.667,0.0,0.0,0.0,4.67,7.03,0.668,0.667,2.53,4.37,0.589,3.77,10.27,14.03,1.67,0.57,1.23,1.8,2.53,11.9
Kyrie Irving,66,66,33.0,9.07,18.77,0.484,2.63,6.47,0.403,6.47,12.3,0.526,0.553,3.73,4.23,0.889,0.8,3.2,4.0,5.93,1.27,0.37,2.47,2.23,24.47
Wilson Chandler,65,46,29.0,4.03,9.03,0.441,1.3,3.67,0.356,2.73,5.37,0.502,0.52,1.2,1.57,0.74,1.27,4.1,5.37,1.9,0.6,0.43,1.23,2.3,10.57
Garrett Temple,68,37,26.0,2.9,6.83,0.421,1.3,3.47,0.369,1.63,3.4,0.478,0.515,0.97,1.23,0.767,0.4,2.27,2.67,1.97,1.07,0.4,1.1,2.33,8.0
Theo Pinson,18,0,12.0,1.4,4.1,0.342,0.7,2.6,0.261,0.7,1.5,0.481,0.425,1.1,1.2,0.864,0.2,1.8,2.0,1.2,0.3,0.0,1.0,0.8,4.5
David Nwaba,47,12,21.0,2.6,5.07,0.513,0.3,0.83,0.289,2.3,4.27,0.549,0.537,1.43,2.2,0.659,1.0,2.7,3.7,1.1,0.73,0.37,0.77,2.07,6.8
Henry Ellenson,25,1,10.0,1.57,4.07,0.378,0.63,1.8,0.355,0.93,2.27,0.406,0.457,0.63,0.83,0.707,0.33,2.27,2.6,0.57,0.2,0.07,0.57,0.77,4.4
Michael Kidd-Gilchrist,73,53,24.0,3.3,6.8,0.486,0.1,0.27,0.15,3.2,6.5,0.495,0.494,1.67,2.2,0.747,1.47,3.47,4.97,1.13,0.73,0.67,0.7,2.2,8.37
Cody Zeller,48,35,24.0,3.53,6.27,0.556,0.07,0.17,0.313,3.47,6.1,0.561,0.56,2.07,2.9,0.728,2.13,4.1,6.23,1.53,0.73,0.77,1.1,2.93,9.17
Nicolas Batum,72,71,32.0,4.23,10.13,0.423,1.57,4.53,0.353,2.67,5.6,0.482,0.504,1.97,2.3,0.851,0.8,4.6,5.4,4.9,1.0,0.47,2.03,1.47,12.0
Bismack Biyombo,72,28,18.0,2.0,3.8,0.54,0.0,0.0,0.0,2.0,3.8,0.54,0.54,1.27,2.17,0.607,1.73,4.07,5.77,0.77,0.27,1.03,0.93,2.1,5.37
Marvin Williams,76,76,28.0,3.63,8.4,0.434,1.7,4.57,0.376,1.93,3.83,0.502,0.536,1.3,1.57,0.823,1.03,4.53,5.57,1.27,0.8,0.67,0.73,1.8,10.27
Willy Hernangómez,59,9,14.0,2.63,5.0,0.534,0.17,0.4,0.356,2.53,4.63,0.548,0.549,1.4,2.03,0.693,1.9,3.47,5.4,1.0,0.43,0.37,1.03,1.7,6.87
Malik Monk,68,0,15.0,2.75,7.35,0.373,1.4,4.2,0.336,1.35,3.2,0.423,0.469,0.85,1.0,0.862,0.15,1.3,1.45,1.5,0.4,0.2,1.0,1.25,7.8
Dwayne Bacon,48,10,16.0,2.1,4.8,0.425,0.55,1.4,0.347,1.6,3.4,0.452,0.476,0.6,0.8,0.77,0.15,2.1,2.2,0.9,0.3,0.05,0.4,1.3,5.3
Miles Bridges,80,25,21.0,3.0,6.4,0.464,0.8,2.5,0.325,2.2,3.9,0.553,0.527,0.7,1.0,0.753,0.8,3.2,4.0,1.2,0.7,0.6,0.6,1.4,7.5
Devonte' Graham,46,3,15.0,1.6,4.7,0.343,0.7,2.6,0.281,0.9,2.1,0.421,0.421,0.8,1.0,0.761,0.2,1.2,1.4,2.6,0.5,0.0,0.7,1.0,4.7
Terry Rozier,78,10,22.0,3.1,8.0,0.383,1.4,3.9,0.351,1.7,4.1,0.412,0.468,1.0,1.33,0.777,0.57,3.3,3.9,2.53,0.83,0.2,0.83,1.23,8.6
E'Twaun Moore,69,46,28.0,4.63,9.53,0.482,1.37,3.27,0.409,3.27,6.27,0.521,0.552,0.73,0.97,0.746,0.63,1.83,2.47,2.13,0.83,0.23,1.03,2.03,11.33
Brandon Ingram,63,50,32.0,5.53,11.87,0.456,0.67,2.0,0.338,4.87,9.87,0.482,0.486,2.93,4.37,0.659,0.87,3.97,4.8,3.0,0.63,0.6,2.17,2.57,14.6
Lonzo Ball,50,48,32.0,3.9,10.25,0.383,1.65,5.3,0.317,2.25,5.05,0.451,0.464,0.5,1.2,0.434,1.2,4.9,6.1,6.3,1.6,0.6,2.4,2.35,10.05
Josh Hart,65,22,24.0,2.8,6.45,0.438,1.3,3.6,0.366,1.5,2.8,0.531,0.539,0.9,1.35,0.695,0.6,3.35,3.95,1.35,0.85,0.45,0.8,1.95,7.85
Jrue Holiday,72,70,35.0,7.27,15.33,0.473,1.6,4.67,0.339,5.7,10.67,0.531,0.525,2.4,3.13,0.754,0.87,3.63,4.47,7.0,1.53,0.77,2.87,2.23,18.53
Frank Jackson,61,16,19.0,3.2,7.3,0.434,0.9,2.8,0.314,2.3,4.6,0.507,0.493,0.9,1.2,0.74,0.4,1.8,2.2,1.1,0.4,0.0,0.8,1.5,8.1
Derrick Favors,68,62,25.0,4.67,8.5,0.545,0.17,0.67,0.247,4.5,7.83,0.576,0.554,1.7,2.67,0.647,2.37,4.5,6.9,1.2,0.77,1.1,1.13,2.1,11.2
Kenrich Williams,46,29,24.0,2.3,6.1,0.384,1.1,3.4,0.333,1.2,2.7,0.447,0.477,0.3,0.4,0.684,1.2,3.6,4.8,1.8,1.0,0.4,0.8,2.1,6.1
Jahlil Okafor,46,19,17.0,3.73,6.8,0.553,0.0,0.07,0.15,3.7,6.77,0.557,0.554,1.3,1.9,0.686,1.27,2.93,4.17,0.77,0.27,0.77,1.17,1.93,8.77
J.J. Redick,75,70,30.0,5.6,12.5,0.448,2.87,6.87,0.415,2.77,5.67,0.489,0.561,2.7,3.03,0.896,0.17,2.23,2.37,2.37,0.53,0.17,1.37,1.7,16.73
Matthew Dellavedova,54,19,21.0,2.03,5.33,0.386,0.9,2.53,0.359,1.17,2.8,0.412,0.472,0.9,1.03,0.863,0.27,1.47,1.73,4.1,0.47,0.0,1.5,1.8,5.93
Ante Žižić,46,14,12.0,2.3,3.85,0.642,0.0,0.0,0.0,2.3,3.85,0.642,0.642,1.15,1.55,0.715,1.3,2.35,3.65,0.55,0.15,0.4,0.65,1.4,5.75
Cedi Osman,68,44,22.0,3.1,7.05,0.456,1.1,3.15,0.358,2.0,3.9,0.537,0.537,1.15,1.6,0.672,0.45,2.9,3.35,1.65,0.6,0.05,1.0,1.95,8.45
Collin Sexton,82,72,32.0,6.3,14.7,0.43,1.5,3.6,0.402,4.9,11.1,0.44,0.48,2.6,3.1,0.839,0.7,2.2,2.9,3.0,0.5,0.1,2.3,2.3,16.7
Kevin Love,47,47,29.0,5.63,13.27,0.423,2.37,6.27,0.383,3.2,7.0,0.459,0.514,4.33,4.87,0.885,1.9,8.5,10.43,1.93,0.63,0.33,1.8,2.2,17.87
Larry Nance Jr.,65,21,24.0,3.43,6.37,0.542,0.23,0.77,0.261,3.23,5.67,0.572,0.559,1.23,1.8,0.706,2.27,4.7,6.97,1.97,1.37,0.6,1.03,2.63,8.4
Dwight Powell,78,17,20.0,3.17,5.53,0.568,0.4,1.23,0.308,2.8,4.33,0.642,0.602,1.87,2.47,0.75,1.57,3.4,4.97,1.1,0.73,0.5,0.67,2.27,8.6
Courtney Lee,62,50,25.0,3.43,7.6,0.44,1.13,2.93,0.366,2.3,4.7,0.491,0.512,1.0,1.17,0.818,0.47,2.2,2.63,1.93,0.93,0.2,0.8,1.37,8.93
Justin Jackson,74,28,21.0,2.7,6.1,0.445,0.95,2.85,0.332,1.75,3.2,0.544,0.524,0.6,0.75,0.754,0.45,2.25,2.7,1.15,0.4,0.2,0.5,1.2,6.95
Tim Hardaway Jr.,67,49,31.0,5.87,13.93,0.423,2.23,6.6,0.338,3.63,7.33,0.498,0.502,2.77,3.33,0.808,0.5,2.9,3.37,2.47,0.87,0.17,1.5,1.9,16.7
Luka Dončić,72,72,32.0,7.0,16.5,0.427,2.3,7.1,0.327,4.7,9.3,0.503,0.497,4.8,6.7,0.713,1.2,6.6,7.8,6.0,1.1,0.3,3.4,1.9,21.2
Ryan Broekhoff,42,0,11.0,1.4,3.0,0.452,0.9,2.2,0.409,0.5,0.8,0.576,0.603,0.4,0.5,0.789,0.2,1.3,1.5,0.5,0.1,0.1,0.4,0.8,4.0
Jalen Brunson,73,38,22.0,3.6,7.7,0.467,0.9,2.5,0.348,2.8,5.3,0.523,0.523,1.2,1.6,0.725,0.3,2.0,2.3,3.2,0.5,0.1,1.2,1.7,9.3
Kostas Antetokounmpo,2,0,6.0,0.0,1.5,0.0,0.0,0.0,0.0,0.0,1.5,0.0,0.0,1.0,2.0,0.5,0.0,0.5,0.5,0.0,1.0,0.0,0.5,0.0,1.0
Daryl Macon,8,0,11.0,1.3,3.4,0.37,0.6,1.4,0.455,0.6,2.0,0.313,0.463,0.5,0.9,0.571,0.3,1.3,1.5,0.9,0.1,0.0,0.8,1.0,3.6
Delon Wright,57,6,20.0,2.63,6.0,0.44,0.63,1.83,0.332,2.03,4.13,0.488,0.491,1.53,1.9,0.795,0.73,2.0,2.73,2.77,1.07,0.43,1.0,1.23,7.43
Seth Curry,63,18,21.0,3.33,7.13,0.464,1.53,3.5,0.442,1.8,3.63,0.484,0.574,0.93,1.1,0.843,0.33,1.57,1.87,1.7,0.7,0.13,0.97,1.33,9.17
Maxi Kleber,72,27,19.0,2.3,4.85,0.471,0.85,2.45,0.333,1.45,2.45,0.598,0.553,0.7,0.9,0.765,1.15,2.85,3.95,0.85,0.45,0.9,0.6,1.8,6.1
Dorian Finney-Smith,61,25,22.0,2.17,5.47,0.395,0.9,2.9,0.301,1.27,2.6,0.501,0.475,0.67,0.93,0.732,1.13,2.57,3.7,1.07,0.67,0.3,0.83,1.93,5.9
Kristaps Porziņģis,62,62,31.0,6.67,15.23,0.437,1.57,4.33,0.362,5.13,10.97,0.467,0.488,3.43,4.27,0.806,1.6,5.43,7.03,1.33,0.73,2.1,1.8,3.13,18.37
Malik Beasley,55,6,13.0,2.33,5.1,0.445,0.97,2.53,0.355,1.37,2.53,0.521,0.529,0.5,0.6,0.772,0.27,1.13,1.47,0.73,0.4,0.07,0.5,0.83,6.1
Jamal Murray,79,55,29.0,5.43,12.53,0.431,1.8,5.03,0.36,3.63,7.5,0.481,0.505,2.2,2.53,0.879,0.8,2.73,3.5,3.43,0.83,0.33,1.87,1.87,14.93
Juan Hernangómez,52,12,15.0,1.6,3.7,0.426,0.73,2.13,0.351,0.83,1.57,0.545,0.526,0.73,0.97,0.783,0.77,2.2,3.0,0.6,0.37,0.2,0.47,1.1,4.67
Paul Millsap,59,56,30.0,5.37,11.67,0.463,0.97,2.93,0.34,4.4,8.77,0.505,0.506,3.33,4.57,0.73,1.83,5.27,7.1,2.83,1.17,0.97,1.87,2.63,15.1
Mason Plumlee,79,36,22.0,3.43,6.03,0.577,0.0,0.07,0.067,3.43,5.97,0.582,0.577,1.53,2.83,0.533,1.97,4.47,6.43,2.8,0.8,1.03,1.53,2.8,8.43
Gary Harris,60,56,32.0,5.63,12.0,0.47,1.87,4.87,0.385,3.73,7.1,0.529,0.548,1.93,2.43,0.801,0.7,2.17,2.83,2.67,1.33,0.2,1.43,1.8,15.1
Jerami Grant,80,27,24.0,3.33,6.67,0.498,0.77,2.2,0.351,2.57,4.53,0.561,0.555,1.7,2.53,0.666,0.93,3.0,3.9,0.77,0.53,1.1,0.7,2.17,9.17
Torrey Craig,57,21,18.0,1.85,4.15,0.448,0.6,2.0,0.308,1.25,2.15,0.569,0.52,0.65,0.9,0.664,1.1,2.25,3.4,0.8,0.4,0.5,0.55,1.95,4.95
Nikola Jokić,76,71,31.0,7.07,13.43,0.529,1.03,3.0,0.342,6.03,10.4,0.578,0.568,3.23,3.9,0.832,2.8,7.67,10.43,6.1,1.13,0.77,2.73,2.87,18.43
Will Barton,61,32,30.0,4.97,11.5,0.432,1.67,4.57,0.361,3.33,6.93,0.48,0.504,1.97,2.57,0.776,0.87,3.83,4.63,3.47,0.73,0.53,1.63,1.93,13.63
Jarred Vanderbilt,17,0,4.0,0.5,1.1,0.474,0.0,0.1,0.0,0.5,1.1,0.5,0.474,0.4,0.6,0.6,0.4,0.9,1.4,0.2,0.4,0.1,0.5,0.5,1.4
Thomas Welsh,11,0,3.0,0.6,1.2,0.538,0.3,0.6,0.429,0.4,0.5,0.667,0.654,0.1,0.2,0.5,0.0,0.4,0.4,0.5,0.0,0.0,0.1,0.3,1.6
Monte Morris,42,3,16.0,2.75,5.3,0.58,0.55,1.55,0.207,2.2,3.75,0.665,0.614,0.75,0.85,0.901,0.2,1.3,1.55,2.95,0.95,0.0,0.45,0.75,6.85
Reggie Jackson,60,59,27.0,5.47,12.87,0.422,1.53,4.33,0.345,3.93,8.53,0.46,0.481,2.43,2.83,0.856,0.5,2.0,2.53,4.9,0.67,0.1,2.07,2.3,14.83
Andre Drummond,79,79,32.0,6.37,11.93,0.531,0.03,0.23,0.139,6.3,11.73,0.539,0.532,2.63,4.9,0.527,4.93,10.2,15.13,1.83,1.57,1.47,2.23,3.17,15.3
Thon Maker,65,17,14.0,1.67,3.9,0.426,0.57,1.7,0.332,1.07,2.2,0.501,0.498,0.8,1.17,0.673,0.77,1.93,2.73,0.57,0.33,0.67,0.47,1.77,4.6
Luke Kennard,68,10,21.0,3.2,7.35,0.44,1.4,3.5,0.404,1.8,3.85,0.474,0.535,0.85,1.0,0.845,0.25,2.4,2.65,1.75,0.5,0.2,0.9,1.35,8.65
Langston Galloway,71,3,19.0,2.63,6.87,0.38,1.53,4.27,0.363,1.1,2.63,0.411,0.491,0.77,0.93,0.815,0.4,1.53,1.93,1.13,0.57,0.1,0.4,1.23,7.5
Blake Griffin,65,65,34.0,7.9,17.0,0.464,1.67,4.83,0.348,6.17,12.2,0.507,0.513,5.07,6.63,0.766,1.47,6.2,7.67,5.37,0.77,0.37,2.83,2.57,22.5
Tony Snell,76,50,25.0,2.6,5.8,0.447,1.43,3.6,0.402,1.13,2.17,0.52,0.571,0.53,0.63,0.828,0.27,2.1,2.37,1.13,0.57,0.27,0.5,1.43,7.13
Bruce Brown,74,56,20.0,1.7,4.2,0.398,0.3,1.3,0.258,1.4,3.0,0.457,0.436,0.6,0.8,0.75,0.6,1.9,2.5,1.2,0.5,0.5,0.6,2.4,4.3
Sviatoslav Mykhailiuk,42,0,10.0,1.1,3.3,0.329,0.7,2.1,0.326,0.4,1.2,0.333,0.432,0.3,0.5,0.6,0.2,0.6,0.9,0.9,0.3,0.0,0.5,0.6,3.2
Khyri Thomas,26,0,8.0,0.8,2.7,0.319,0.4,1.3,0.286,0.5,1.3,0.353,0.391,0.3,0.4,0.636,0.2,0.6,0.8,0.3,0.3,0.2,0.2,0.8,2.3
Derrick Rose,47,28,26.0,5.83,12.5,0.463,0.53,1.67,0.273,5.37,10.8,0.49,0.483,2.6,2.97,0.867,0.7,1.93,2.63,3.4,0.53,0.23,1.77,1.0,14.8
Markieff Morris,69,55,27.0,4.43,9.8,0.453,1.03,2.97,0.355,3.4,6.83,0.499,0.508,1.67,2.07,0.81,1.17,4.4,5.57,1.67,0.83,0.5,1.43,3.1,11.63
Tim Frazier,61,22,19.0,1.9,4.5,0.414,0.5,1.53,0.328,1.37,2.97,0.46,0.471,0.87,1.13,0.762,0.5,1.97,2.47,4.23,0.73,0.1,1.3,1.83,5.13
Christian Wood,17,1,10.0,1.7,3.5,0.486,0.2,0.73,0.237,1.5,2.73,0.556,0.512,1.2,1.7,0.695,0.9,1.93,2.8,0.27,0.27,0.47,0.47,0.73,4.83
Draymond Green,71,71,32.0,3.47,7.93,0.439,0.97,3.23,0.298,2.5,4.73,0.535,0.499,1.63,2.23,0.725,1.1,6.53,7.6,7.07,1.6,1.27,2.63,2.83,9.53
Stephen Curry,66,66,33.0,8.7,18.2,0.478,4.47,10.5,0.424,4.2,7.7,0.552,0.601,4.47,4.9,0.912,0.73,4.27,4.97,5.97,1.57,0.27,2.93,2.3,26.33
Jacob Evans,30,1,7.0,0.6,1.8,0.34,0.1,0.5,0.267,0.5,1.3,0.368,0.377,0.0,0.0,0.0,0.2,0.6,0.8,0.8,0.2,0.1,0.4,0.9,1.3
Alfonzo McKinnie,43,2,9.0,1.25,2.45,0.51,0.4,1.1,0.345,0.85,1.3,0.71,0.599,0.25,0.45,0.615,0.6,1.35,1.95,0.25,0.2,0.15,0.3,1.25,3.1
D'Angelo Russell,64,59,28.0,6.5,15.5,0.418,2.3,6.57,0.348,4.17,8.93,0.469,0.492,2.1,2.73,0.767,0.6,3.17,3.77,5.67,1.13,0.3,3.0,1.9,17.4
Willie Cauley-Stein,76,53,25.0,4.6,8.7,0.529,0.0,0.07,0.083,4.6,8.63,0.531,0.53,1.7,2.83,0.613,1.7,4.9,6.63,1.97,1.0,0.7,1.13,2.43,10.93
Glenn Robinson III,46,15,16.0,1.83,4.1,0.437,0.57,1.53,0.365,1.27,2.57,0.478,0.506,0.63,0.83,0.776,0.57,1.63,2.23,0.6,0.5,0.17,0.37,0.83,4.8
Klay Thompson,76,76,34.0,8.2,17.27,0.474,3.2,7.7,0.419,4.93,9.53,0.519,0.568,1.73,2.03,0.835,0.5,3.27,3.77,2.33,0.9,0.53,1.63,1.8,21.27
Kevon Looney,66,11,14.0,1.83,3.07,0.576,0.0,0.13,0.174,1.8,2.93,0.594,0.581,0.6,1.03,0.594,1.5,2.1,3.6,0.87,0.47,0.6,0.47,1.8,4.27
Alec Burks,57,8,18.0,2.7,6.6,0.405,0.77,2.2,0.341,1.9,4.4,0.437,0.462,1.63,2.0,0.818,0.4,2.8,3.2,1.23,0.53,0.17,0.9,1.27,7.73
James Harden,77,77,36.0,9.37,21.17,0.444,3.9,10.83,0.361,5.5,10.33,0.53,0.536,9.2,10.67,0.861,0.87,5.87,6.7,9.17,1.77,0.63,5.03,2.7,31.87
Eric Gordon,71,33,31.0,5.7,13.8,0.414,3.23,8.8,0.364,2.53,4.97,0.503,0.531,2.2,2.67,0.811,0.37,2.1,2.47,2.2,0.6,0.43,1.6,1.93,16.8
P.J. Tucker,82,46,30.0,2.37,5.93,0.4,1.37,3.63,0.368,1.0,2.27,0.445,0.513,0.63,0.83,0.729,1.33,4.4,5.73,1.1,1.33,0.33,0.83,2.67,6.7
Russell Westbrook,78,78,36.0,9.43,21.77,0.434,1.77,5.63,0.31,7.67,16.1,0.475,0.474,6.03,7.9,0.746,1.7,8.93,10.63,10.47,1.77,0.4,4.9,2.73,26.63
Isaiah Hartenstein,28,0,8.0,0.7,1.5,0.488,0.1,0.2,0.333,0.6,1.3,0.514,0.512,0.4,0.5,0.786,0.8,0.9,1.7,0.5,0.3,0.4,0.5,2.0,1.9
Clint Capela,69,67,28.0,6.23,9.57,0.648,0.0,0.0,0.0,6.23,9.57,0.648,0.648,1.93,3.37,0.576,3.47,7.07,10.53,1.1,0.67,1.53,1.37,2.6,14.37
Gary Clark,51,2,13.0,1.0,3.0,0.331,0.8,2.7,0.297,0.2,0.3,0.692,0.467,0.1,0.1,1.0,0.5,1.8,2.3,0.4,0.4,0.5,0.1,0.9,2.9
Deyonta Davis,36,2,12.0,1.67,2.67,0.6,0.0,0.03,0.0,1.67,2.63,0.611,0.6,0.53,0.83,0.608,0.97,2.27,3.23,0.43,0.2,0.57,0.33,1.47,3.8
Chris Chiozza,7,0,5.0,0.3,1.1,0.25,0.3,0.7,0.4,0.0,0.4,0.0,0.375,0.0,0.0,0.0,0.1,0.4,0.6,0.6,0.1,0.1,0.1,0.3,0.9
Danuel House,21,5,15.0,1.8,4.03,0.301,0.87,2.37,0.225,0.97,1.67,0.391,0.369,0.83,1.03,0.532,0.4,2.2,2.63,0.7,0.27,0.2,0.47,1.03,5.33
Austin Rivers,70,34,29.0,4.37,10.2,0.424,1.7,4.73,0.356,2.67,5.43,0.491,0.508,1.4,2.17,0.62,0.33,1.87,2.23,3.0,0.8,0.23,1.43,2.57,11.73
Tyson Chandler,49,33,23.0,2.33,3.6,0.645,0.0,0.0,0.0,2.33,3.6,0.647,0.645,1.37,2.07,0.648,2.63,6.1,8.73,0.83,0.47,0.5,1.17,2.33,6.0
Victor Oladipo,59,59,33.0,7.17,16.03,0.447,2.03,5.7,0.358,5.2,10.37,0.496,0.511,2.83,3.7,0.761,0.6,4.47,5.03,4.03,1.77,0.47,2.33,2.2,19.27
Domantas Sabonis,76,30,23.0,4.2,8.1,0.501,0.3,0.9,0.4,3.87,7.2,0.518,0.524,1.87,2.57,0.707,1.77,5.1,6.87,1.97,0.53,0.4,1.7,2.9,10.53
T.J. Leaf,56,0,9.0,1.45,2.9,0.506,0.2,0.65,0.344,1.25,2.2,0.544,0.55,0.25,0.4,0.619,0.6,1.2,1.85,0.3,0.15,0.2,0.2,0.7,3.4
T.J. Warren,58,53,32.0,7.03,14.3,0.493,0.83,2.37,0.305,6.2,11.93,0.52,0.522,2.37,3.03,0.782,1.5,3.23,4.73,1.3,1.13,0.63,1.13,2.6,17.33
Aaron Holiday,50,0,13.0,2.1,5.2,0.401,0.9,2.5,0.339,1.2,2.7,0.459,0.483,0.8,1.0,0.82,0.1,1.2,1.3,1.7,0.4,0.3,0.8,1.4,5.9
Doug McDermott,75,3,21.0,3.0,6.43,0.468,1.13,2.87,0.401,1.87,3.6,0.523,0.557,0.93,1.1,0.823,0.33,1.87,2.2,0.93,0.2,0.13,0.6,1.37,8.03
Alize Johnson,14,0,5.0,0.3,1.1,0.25,0.1,0.1,0.5,0.2,1.0,0.214,0.281,0.3,0.6,0.5,0.3,1.1,1.4,0.1,0.1,0.2,0.0,0.5,0.9
Myles Turner,73,72,29.0,5.1,10.33,0.492,0.8,2.13,0.364,4.3,8.2,0.525,0.531,2.5,3.2,0.774,1.5,5.47,6.97,1.4,0.77,2.2,1.4,2.9,13.5
C.J. Wilcox,22,0,6.0,0.77,2.03,0.358,0.27,0.87,0.32,0.43,1.17,0.394,0.427,0.2,0.23,0.917,0.07,0.4,0.43,0.43,0.2,0.03,0.3,0.47,2.0
Malcolm Brogdon,62,37,28.0,4.97,10.23,0.482,1.3,3.27,0.405,3.63,6.97,0.519,0.547,1.77,1.97,0.892,0.7,2.83,3.53,3.53,0.9,0.23,1.43,2.07,12.93
Jeremy Lamb,74,26,24.0,4.63,10.23,0.452,1.13,3.27,0.333,3.53,7.0,0.506,0.505,2.3,2.67,0.867,0.63,3.97,4.63,1.9,0.77,0.4,0.93,1.7,12.63
Maurice Harkless,65,53,25.0,3.27,6.53,0.495,0.77,2.17,0.347,2.5,4.37,0.567,0.555,0.83,1.27,0.668,1.23,2.67,3.87,1.07,1.0,0.83,0.87,2.4,8.07
Lou Williams,78,7,28.0,6.4,14.8,0.43,1.93,5.33,0.362,4.47,9.5,0.47,0.496,5.4,6.1,0.879,0.43,2.2,2.67,4.57,0.97,0.17,2.47,1.17,20.03
Landry Shamet,79,27,23.0,3.0,7.1,0.431,2.1,5.0,0.422,0.9,2.0,0.453,0.581,0.9,1.2,0.806,0.3,1.4,1.7,1.5,0.5,0.1,0.6,2.0,9.1
Jerome Robinson,33,0,10.0,1.3,3.3,0.4,0.5,1.7,0.316,0.8,1.6,0.491,0.482,0.2,0.3,0.667,0.1,1.2,1.2,0.6,0.3,0.1,0.4,1.4,3.4
Paul George,77,77,36.0,8.27,18.67,0.443,3.17,8.03,0.393,5.1,10.6,0.48,0.528,4.9,5.73,0.853,1.03,5.77,6.83,3.57,1.93,0.43,2.77,2.8,24.53
Montrezl Harrell,72,7,21.0,5.07,7.97,0.634,0.0,0.13,0.154,5.03,7.83,0.642,0.636,2.1,3.33,0.632,1.67,3.13,4.77,1.37,0.57,0.9,1.1,2.4,12.23
Kawhi Leonard,48,48,30.0,7.9,16.27,0.483,1.7,4.7,0.355,6.23,11.57,0.537,0.535,5.27,6.17,0.85,1.03,4.9,5.93,3.03,1.87,0.7,1.97,1.37,22.77
Ivica Zubac,47,16,14.0,2.77,5.17,0.529,0.0,0.03,0.0,2.77,5.13,0.533,0.529,1.13,1.53,0.74,1.33,3.03,4.4,0.83,0.27,0.7,0.87,1.7,6.7
Patrick Beverley,52,42,30.0,3.43,8.33,0.41,1.73,4.47,0.393,1.7,3.9,0.43,0.516,1.2,1.5,0.791,1.3,3.67,5.0,3.63,1.37,0.5,1.63,3.27,9.77
JaMychal Green,66,45,25.0,3.6,7.57,0.48,0.87,2.3,0.374,2.73,5.27,0.526,0.538,1.47,1.93,0.772,2.17,5.13,7.27,1.1,0.63,0.47,1.3,3.0,9.53
Anthony Davis,69,69,35.0,10.07,19.37,0.519,0.7,2.2,0.323,9.33,17.2,0.543,0.537,6.53,8.1,0.808,2.63,9.0,11.63,2.77,1.47,2.4,2.2,2.23,27.33
Kyle Kuzma,74,52,32.0,6.6,14.5,0.453,1.95,5.8,0.335,4.65,8.7,0.532,0.521,2.3,3.15,0.73,1.0,4.85,5.9,2.15,0.6,0.4,1.85,2.25,17.4
LeBron James,70,70,37.0,10.17,19.13,0.533,1.83,5.17,0.356,8.33,13.93,0.599,0.581,4.87,7.1,0.69,1.17,7.4,8.57,8.7,1.3,0.7,3.97,1.73,27.1
Danny Green,73,69,27.0,3.13,7.5,0.415,1.97,4.87,0.399,1.17,2.6,0.442,0.545,0.53,0.67,0.818,0.63,3.0,3.63,1.67,0.93,0.87,1.03,1.87,8.73
DeMarcus Cousins,50,50,32.0,7.8,16.77,0.467,1.63,4.77,0.33,6.2,11.97,0.521,0.514,5.6,7.43,0.751,1.9,8.8,10.7,4.53,1.43,1.47,3.7,3.77,22.83
Kentavious Caldwell-Pope,77,57,30.0,4.5,10.73,0.418,1.97,5.57,0.36,2.47,5.2,0.486,0.512,1.93,2.3,0.829,0.7,3.07,3.8,2.0,1.17,0.2,1.07,1.77,12.87
JaVale McGee,72,30,14.0,3.37,5.33,0.632,0.0,0.1,0.028,3.37,5.27,0.643,0.633,0.87,1.4,0.623,1.6,2.83,4.43,0.47,0.37,1.27,0.77,1.87,7.63
Quinn Cook,40,9,17.0,2.97,6.07,0.483,1.1,2.6,0.423,1.87,3.53,0.526,0.572,0.37,0.53,0.683,0.23,1.47,1.7,2.07,0.33,0.0,0.87,1.3,7.33
Jared Dudley,57,11,19.0,1.73,4.0,0.423,0.9,2.5,0.364,0.83,1.53,0.519,0.537,0.6,0.83,0.71,0.43,2.3,2.7,1.63,0.6,0.27,0.8,2.13,4.97
Troy Daniels,66,6,18.0,2.63,6.7,0.396,1.97,4.97,0.39,0.7,1.73,0.412,0.54,0.57,0.7,0.818,0.27,1.3,1.5,0.6,0.37,0.1,0.63,1.5,7.77
Alex Caruso,31,6,18.0,2.25,5.0,0.438,0.7,1.6,0.391,1.55,3.45,0.469,0.501,1.3,1.7,0.748,0.6,1.65,2.25,2.55,0.8,0.35,1.4,1.8,6.4
Rajon Rondo,60,45,28.0,3.57,8.37,0.427,0.87,2.43,0.356,2.7,5.93,0.457,0.478,0.43,0.73,0.594,0.77,4.07,4.8,7.63,1.23,0.2,2.5,2.03,8.43
Avery Bradley,55,55,32.0,5.33,12.47,0.428,1.67,4.43,0.37,3.73,8.03,0.462,0.495,1.1,1.43,0.786,0.8,3.0,3.8,2.2,1.0,0.23,1.73,2.43,13.5
Jae Crowder,77,43,29.0,4.0,9.47,0.422,1.93,5.43,0.351,2.07,4.0,0.518,0.522,1.9,2.47,0.783,0.73,3.97,4.67,1.7,0.87,0.33,1.03,2.2,11.83
Solomon Hill,45,29,22.0,1.57,4.47,0.344,0.73,2.5,0.285,0.83,2.03,0.415,0.423,0.7,0.93,0.675,0.73,2.6,3.27,1.63,0.67,0.23,0.83,1.97,4.57
Miles Plumlee,39,16,12.0,1.57,2.67,0.576,0.0,0.0,0.0,1.57,2.67,0.576,0.576,0.67,1.23,0.541,1.03,1.77,2.8,0.73,0.33,0.33,0.8,1.27,3.73
Josh Jackson,78,32,25.0,4.75,11.35,0.415,0.8,2.8,0.293,3.9,8.55,0.455,0.452,2.05,3.15,0.652,1.0,3.45,4.5,1.9,0.95,0.6,2.05,2.7,12.3
Andre Iguodala,69,7,25.0,2.47,4.97,0.497,0.67,2.07,0.326,1.77,2.87,0.623,0.566,0.8,1.23,0.64,0.73,3.13,3.83,3.3,0.9,0.63,0.87,1.4,6.43
Dillon Brooks,50,37,24.0,3.4,8.1,0.421,0.95,2.7,0.366,2.45,5.4,0.45,0.482,1.35,1.85,0.74,0.55,1.85,2.4,1.25,0.75,0.2,1.3,2.8,9.25
Ivan Rabb,42,9,14.0,2.4,4.25,0.556,0.05,0.15,0.1,2.35,4.1,0.57,0.56,0.9,1.2,0.758,1.45,2.85,4.3,1.0,0.3,0.35,0.85,1.65,5.7
Jaren Jackson Jr.,58,56,26.0,5.1,10.2,0.506,0.9,2.4,0.359,4.3,7.7,0.553,0.549,2.6,3.4,0.766,1.3,3.4,4.7,1.1,0.9,1.4,1.7,3.8,13.8
Grayson Allen,38,2,11.0,1.8,4.7,0.376,0.8,2.6,0.323,0.9,2.1,0.443,0.466,1.2,1.6,0.75,0.1,0.5,0.6,0.7,0.2,0.2,0.9,1.2,5.6
Kyle Anderson,63,40,24.0,2.63,5.07,0.505,0.23,0.73,0.324,2.43,4.33,0.534,0.53,0.97,1.43,0.693,0.9,3.77,4.7,2.33,1.2,0.7,1.03,1.67,6.43
Dwight Howard,55,55,29.0,5.4,9.07,0.604,0.0,0.03,0.048,5.4,9.07,0.606,0.604,3.47,6.07,0.57,3.27,8.2,11.47,1.03,0.77,1.07,2.23,3.2,14.3
Yuta Watanabe,15,0,12.0,1.0,3.4,0.294,0.1,1.1,0.125,0.9,2.3,0.371,0.314,0.5,0.7,0.7,0.3,1.8,2.1,0.5,0.3,0.1,0.4,0.7,2.6
De'Anthony Melton,50,31,20.0,2.0,5.1,0.391,0.6,1.9,0.305,1.4,3.2,0.441,0.447,0.4,0.6,0.75,0.5,2.2,2.7,3.2,1.4,0.5,1.5,2.3,5.0
Bruno Caboclo,18,6,12.0,1.43,3.67,0.364,0.63,1.97,0.293,0.77,1.7,0.445,0.437,0.53,0.67,0.558,0.8,1.77,2.5,0.73,0.3,0.47,0.53,1.17,4.03
Tyus Jones,70,11,18.0,1.93,4.53,0.429,0.5,1.57,0.341,1.4,2.97,0.478,0.491,0.8,0.9,0.828,0.23,1.33,1.57,3.4,1.07,0.1,0.67,1.07,5.17
Jonas Valančiūnas,69,61,24.0,5.37,9.57,0.561,0.23,0.67,0.232,5.17,8.93,0.577,0.573,2.47,3.07,0.804,2.47,6.43,8.9,1.07,0.43,0.93,1.53,2.73,13.43
Goran Dragić,61,57,31.0,6.27,13.9,0.446,1.57,4.2,0.374,4.7,9.73,0.478,0.503,3.07,3.87,0.791,0.7,2.97,3.67,5.13,0.93,0.17,2.37,2.47,17.1
Meyers Leonard,56,5,13.0,1.87,3.83,0.507,0.7,1.83,0.407,1.13,1.97,0.578,0.598,0.5,0.53,0.845,0.53,2.53,3.03,0.9,0.2,0.17,0.5,1.7,4.9
