,2_pointers,2_pointers_attempted,2pt_percentage,3_pointers,3_pointers_attempted,3pt_percentage,age,assists,blocks,defensive_rebounds,effective_field_goal_percentage,field_goal_percentage,field_goals,field_goals_attempted,free_throw_percentage,free_throws,free_throws_attempted,games,games_start,minutes_played,name,offensive_rebounds,personal_fouls,points,position,season,steals,team,total_rebounds,turnovers
0,1.5,3.8,.388,0.7,2.7,.269,28,1.6,0.1,2.3,.394,.338,2.2,6.5,.814,1.0,1.3,34,34,19.9,Chandler Parsons,0.2,1.5,6.2,SF,2016-17,0.6,MEM,2.5,0.7
1,1.6,3.1,.504,1.4,3.4,.421,29,1.9,0.3,2.1,.571,.462,3.0,6.5,.630,0.5,0.8,36,8,19.2,Chandler Parsons,0.4,1.5,7.9,SF,2017-18,0.5,MEM,2.5,1.0
2,1.6,3.5,.443,1.2,3.8,.309,30,1.7,0.2,2.6,.453,.374,2.7,7.3,.880,0.9,1.0,25,3,19.8,Chandler Parsons,0.2,1.8,7.5,SF,2018-19,0.8,MEM,2.8,1.3
3,3.1,6.7,.470,0.5,1.8,.263,28,3.2,0.4,3.2,.454,.426,3.6,8.5,.825,1.3,1.6,65,12,25.5,Evan Turner,0.6,1.9,9.0,SF,2016-17,0.8,POR,3.8,1.5
4,2.7,5.6,.485,0.5,1.7,.318,29,2.2,0.4,2.7,.484,.447,3.3,7.3,.850,1.2,1.4,79,40,25.7,Evan Turner,0.4,2.1,8.2,SF,2017-18,0.6,POR,3.1,1.3
5,2.6,5.4,.494,0.2,0.7,.212,30,3.9,0.2,4.0,.473,.460,2.8,6.1,.708,1.0,1.5,73,2,22.0,Evan Turner,0.5,1.5,6.8,PG,2018-19,0.5,POR,4.5,1.6
6,2.1,4.4,.490,1.7,3.8,.444,24,1.2,0.3,2.6,.572,.468,3.8,8.2,.847,1.3,1.6,79,7,28.5,Allen Crabbe,0.2,2.2,10.7,SG,2016-17,0.7,POR,2.9,0.8
7,1.8,3.9,.461,2.7,7.1,.378,25,1.6,0.5,3.9,.529,.407,4.5,11.0,.852,1.5,1.8,75,68,29.3,Allen Crabbe,0.4,2.2,13.2,SG,2017-18,0.6,BRK,4.3,1.0
8,0.9,2.7,.342,2.3,6.0,.378,26,1.1,0.3,3.1,.499,.367,3.2,8.7,.732,1.0,1.3,43,20,26.3,Allen Crabbe,0.4,2.4,9.6,SG,2018-19,0.5,BRK,3.4,1.1
9,1.2,2.1,.575,0.0,0.5,.056,22,0.7,0.1,1.2,.485,.480,1.2,2.6,.375,0.2,0.4,38,1,9.8,DeAndre' Bembry,0.4,0.6,2.7,SF,2016-17,0.2,ATL,1.6,0.4
10,1.6,3.8,.429,0.4,1.2,.367,23,1.9,0.5,2.5,.457,.414,2.0,4.9,.576,0.7,1.3,26,3,17.5,DeAndre' Bembry,0.3,1.5,5.2,SF,2017-18,0.8,ATL,2.8,1.8
11,2.7,5.4,.508,0.6,2.1,.289,24,2.5,0.5,3.7,.487,.446,3.4,7.5,.640,1.1,1.7,82,15,23.5,DeAndre' Bembry,0.7,2.3,8.4,SG,2018-19,1.3,ATL,4.4,1.7
12,0.8,1.6,.500,0.0,0.0,0,21,0.0,0.4,1.4,.500,.500,0.8,1.6,.300,0.3,1.0,10,0,8.5,Damian Jones,0.9,1.5,1.9,C,2016-17,0.1,GSW,2.3,0.6
13,0.7,1.5,.500,0.0,0.0,0,22,0.1,0.2,0.6,.500,.500,0.7,1.5,.600,0.2,0.3,15,0,5.9,Damian Jones,0.3,0.9,1.7,C,2017-18,0.1,GSW,0.9,0.3
14,2.2,3.1,.716,0.0,0.0,0,23,1.2,1.0,1.8,.716,.716,2.2,3.1,.649,1.0,1.5,24,22,17.1,Damian Jones,1.3,2.6,5.4,C,2018-19,0.5,GSW,3.1,0.7
15,4.0,6.7,.598,0.2,0.6,.340,20,1.3,1.1,4.9,.591,.576,4.2,7.4,.715,1.8,2.5,74,26,24.1,John Collins,2.4,2.9,10.5,PF,2017-18,0.6,ATL,7.3,1.4
16,6.7,11.0,.609,0.9,2.6,.348,21,2.0,0.6,6.2,.593,.560,7.6,13.6,.763,3.3,4.4,61,59,30.0,John Collins,3.6,3.3,19.5,PF,2018-19,0.4,ATL,9.8,2.0
17,4.6,9.6,.477,1.9,6.0,.324,20,8.1,0.2,2.9,.480,.418,6.5,15.5,.829,4.2,5.1,81,81,30.9,Trae Young,0.8,1.7,19.1,PG,2018-19,0.9,ATL,3.7,3.8
18,1.9,4.1,.457,1.8,4.7,.385,20,2.9,0.3,2.5,.522,.419,3.7,8.8,.732,0.5,0.7,75,59,27.3,Kevin Huerter,0.8,2.1,9.7,SG,2018-19,0.9,ATL,3.3,1.5
19,2.9,5.9,.503,0.0,0.2,.250,23,0.6,1.3,4.6,.500,.497,3.0,6.0,.721,1.9,2.7,77,34,20.3,Alex Len,2.0,3.1,8.0,C,2016-17,0.5,PHO,6.6,1.3
20,3.1,5.4,.568,0.0,0.0,0,24,1.2,0.9,5.0,.567,.566,3.1,5.5,.684,2.3,3.3,69,13,20.2,Alex Len,2.5,2.3,8.5,C,2017-18,0.4,PHO,7.5,1.1
21,3.2,5.8,.554,1.0,2.6,.363,25,1.1,0.9,3.5,.551,.494,4.2,8.4,.648,1.8,2.8,77,31,20.1,Alex Len,2.1,2.6,11.1,C,2018-19,0.4,ATL,5.5,1.3
22,6.5,12.5,.525,1.3,3.5,.365,21,2.8,0.4,4.6,.530,.490,7.8,16.0,.743,3.2,4.3,51,50,33.9,Jabari Parker,1.5,2.2,20.1,PF,2016-17,1.0,MIL,6.2,1.8
23,4.2,8.1,.514,1.0,2.6,.383,22,1.9,0.3,3.5,.529,.482,5.2,10.7,.741,1.3,1.7,31,3,24.0,Jabari Parker,1.4,1.6,12.6,PF,2017-18,0.8,MIL,4.9,1.5
24,4.8,8.7,.556,1.0,3.0,.313,23,2.4,0.5,5.3,.533,.493,5.8,11.7,.712,2.0,2.9,64,17,26.9,Jabari Parker,1.2,2.3,14.5,PF,2018-19,0.7,traded,6.6,2.4
25,1.9,3.7,.507,0.6,1.7,.341,20,0.8,0.2,2.2,.508,.454,2.5,5.4,.685,1.1,1.6,78,20,17.2,Jaylen Brown,0.6,1.8,6.6,SF,2016-17,0.4,BOS,2.8,0.9
26,3.6,7.1,.507,1.7,4.4,.395,21,1.6,0.4,4.0,.540,.465,5.3,11.5,.644,2.1,3.3,70,70,30.7,Jaylen Brown,0.9,2.6,14.5,SG,2017-18,1.0,BOS,4.9,1.8
27,3.7,7.0,.529,1.3,3.7,.344,22,1.4,0.4,3.4,.525,.465,5.0,10.7,.658,1.8,2.7,74,25,25.9,Jaylen Brown,0.9,2.5,13.0,SG,2018-19,0.9,BOS,4.2,1.3
28,3.7,7.4,.492,1.3,3.0,.434,19,1.6,0.7,4.4,.538,.475,5.0,10.4,.826,2.7,3.2,80,80,30.5,Jayson Tatum,0.6,2.1,13.9,SF,2017-18,1.0,BOS,5.0,1.4
29,4.4,9.2,.483,1.5,3.9,.373,20,2.1,0.7,5.2,.506,.450,5.9,13.1,.855,2.5,2.9,79,79,31.1,Jayson Tatum,0.9,2.1,15.7,SF,2018-19,1.1,BOS,6.0,1.5
30,5.4,10.7,.506,2.0,5.1,.398,26,3.5,0.3,4.7,.536,.471,7.5,15.8,.844,5.0,5.9,73,73,34.5,Gordon Hayward,0.7,1.6,21.9,SF,2016-17,1.0,UTA,5.4,1.9
31,1.0,1.0,1.000,0.0,1.0,.000,27,0.0,0.0,1.0,.500,.500,1.0,2.0,,0.0,0.0,1,1,5.0,Gordon Hayward,0.0,1.0,2.0,SF,2017-18,0.0,BOS,1.0,0.0
32,3.0,5.6,.542,1.1,3.2,.333,28,3.4,0.3,3.8,.527,.466,4.1,8.8,.834,2.2,2.6,72,18,25.9,Gordon Hayward,0.7,1.4,11.5,PF,2018-19,0.9,BOS,4.5,1.5
33,0.3,0.9,.397,0.5,1.7,.320,23,0.3,0.1,1.7,.452,.346,0.9,2.6,.610,0.3,0.6,73,0,15.8,Semi Ojeleye,0.5,1.2,2.7,PF,2017-18,0.3,BOS,2.2,0.3
34,0.7,1.2,.565,0.5,1.6,.315,24,0.4,0.1,1.1,.513,.424,1.2,2.8,.615,0.4,0.7,56,3,10.6,Semi Ojeleye,0.4,0.8,3.3,PF,2018-19,0.2,BOS,1.5,0.3
35,1.1,1.6,.706,0.0,0.0,0,21,0.2,1.3,1.7,.706,.706,1.1,1.6,.600,0.3,0.5,32,2,8.8,Robert Williams,0.8,1.1,2.5,C,2018-19,0.3,BOS,2.5,0.3
36,2.2,5.3,.420,1.2,4.2,.283,22,4.6,0.4,2.9,.422,.359,3.4,9.5,.812,2.6,3.2,79,24,30.4,Marcus Smart,1.0,2.4,10.6,SG,2016-17,1.6,BOS,3.9,2.0
37,2.1,4.9,.429,1.4,4.6,.301,23,4.8,0.4,2.7,.440,.367,3.5,9.5,.729,1.8,2.5,54,11,29.9,Marcus Smart,0.8,2.5,10.2,SG,2017-18,1.3,BOS,3.5,2.4
38,1.4,2.8,.511,1.6,4.3,.364,24,4.0,0.4,2.2,.533,.422,3.0,7.1,.806,1.3,1.6,80,60,27.5,Marcus Smart,0.7,2.5,8.9,SG,2018-19,1.8,BOS,2.9,1.5
39,5.1,10.7,.476,3.0,7.6,.399,26,5.5,0.3,3.3,.527,.444,8.1,18.3,.847,3.8,4.5,79,79,34.7,Kemba Walker,0.6,1.5,23.2,PG,2016-17,1.1,CHO,3.9,2.1
40,4.5,9.5,.469,2.9,7.5,.384,27,5.6,0.3,2.7,.516,.431,7.4,17.0,.864,4.5,5.3,80,80,34.2,Kemba Walker,0.4,1.2,22.1,PG,2017-18,1.1,CHO,3.1,2.2
41,5.7,11.6,.494,3.2,8.9,.356,28,5.9,0.4,3.8,.511,.434,8.9,20.5,.844,4.6,5.5,82,82,34.9,Kemba Walker,0.6,1.6,25.6,PG,2018-19,1.2,CHO,4.4,2.6
42,1.7,2.8,.617,0.3,0.9,.310,25,0.9,0.8,2.9,.579,.541,2.0,3.7,.753,1.0,1.3,63,3,14.9,Daniel Theis,1.4,2.5,5.3,C,2017-18,0.5,BOS,4.3,0.9
43,1.8,3.0,.603,0.4,1.0,.388,26,1.0,0.6,2.1,.598,.549,2.2,4.0,.737,0.8,1.2,66,2,13.8,Daniel Theis,1.3,2.4,5.7,C,2018-19,0.3,BOS,3.4,0.5
44,5.5,9.7,.568,0.1,0.5,.132,24,0.9,0.5,4.0,.549,.545,5.6,10.2,.786,3.1,4.0,72,0,21.3,Enes Kanter,2.7,2.1,14.3,C,2016-17,0.4,OKC,6.7,1.7
45,5.9,10.0,.594,0.0,0.0,0,25,1.5,0.5,7.1,.592,.592,5.9,10.0,.848,2.2,2.6,71,71,25.8,Enes Kanter,3.8,2.6,14.1,C,2017-18,0.5,NYK,11.0,1.7
46,5.4,9.7,.562,0.1,0.5,.294,26,1.7,0.4,6.0,.556,.549,5.6,10.2,.787,2.3,2.9,67,31,24.5,Enes Kanter,3.8,2.5,13.7,C,2018-19,0.5,traded,9.8,1.8
47,0.9,1.8,.515,0.4,1.1,.410,29,1.6,0.1,1.1,.552,.476,1.4,2.9,.857,0.7,0.8,36,0,9.5,Brad Wanamaker,0.1,0.9,3.9,PG,2018-19,0.3,BOS,1.1,0.5
48,0.5,1.4,.363,1.3,3.6,.351,23,1.1,0.1,2.5,.481,.354,1.8,5.1,.778,0.2,0.3,57,0,17.1,Denzel Valentine,0.2,1.5,5.1,SG,2016-17,0.5,CHI,2.6,0.9
49,2.1,4.6,.450,1.9,4.8,.386,24,3.2,0.1,4.5,.517,.417,3.9,9.4,.745,0.5,0.7,77,37,27.2,Denzel Valentine,0.6,2.4,10.2,SG,2017-18,0.8,CHI,5.1,1.3
50,1.2,3.1,.404,0.3,0.9,.288,22,2.4,0.5,1.8,.411,.377,1.5,4.0,.610,0.5,0.8,78,7,17.1,Kris Dunn,0.3,2.3,3.8,PG,2016-17,1.0,MIN,2.1,1.1
51,4.7,10.2,.457,0.8,2.6,.321,23,6.0,0.5,3.8,.462,.429,5.5,12.8,.737,1.6,2.2,52,43,29.3,Kris Dunn,0.5,3.3,13.4,PG,2017-18,2.0,CHI,4.3,2.9
52,3.9,8.9,.441,0.7,2.1,.354,24,6.0,0.5,3.7,.458,.425,4.7,11.0,.797,1.2,1.5,46,44,30.2,Kris Dunn,0.4,3.6,11.3,PG,2018-19,1.5,CHI,4.1,2.3
53,3.4,6.8,.497,2.1,5.9,.362,20,1.2,0.6,6.3,.518,.434,5.5,12.7,.843,2.1,2.4,68,68,29.7,Lauri Markkanen,1.2,1.5,15.2,PF,2017-18,0.6,CHI,7.5,1.2
54,4.3,8.9,.479,2.3,6.4,.361,21,1.4,0.6,7.6,.506,.430,6.6,15.3,.872,3.3,3.8,52,51,32.3,Lauri Markkanen,1.4,2.3,18.7,PF,2018-19,0.7,CHI,9.0,1.6
55,1.9,3.3,.579,0.0,0.0,0,24,0.6,0.3,2.8,.579,.579,1.9,3.3,.645,0.9,1.4,66,0,15.8,Cristiano Felício,1.9,1.7,4.8,C,2016-17,0.4,CHI,4.7,0.5
56,2.3,3.9,.596,0.0,0.0,0,25,1.0,0.2,2.7,.591,.591,2.3,3.9,.667,1.0,1.5,55,16,17.8,Cristiano Felício,1.5,1.9,5.6,C,2017-18,0.3,CHI,4.2,1.0
57,1.6,2.9,.543,0.0,0.1,.000,26,0.6,0.1,2.3,.531,.531,1.6,3.0,.685,0.8,1.2,60,0,12.4,Cristiano Felício,1.3,1.2,4.0,C,2018-19,0.2,CHI,3.6,0.6
58,3.3,5.8,.576,1.9,4.3,.434,23,1.5,0.5,5.0,.608,.516,5.2,10.0,.832,1.2,1.5,80,80,32.6,Otto Porter,1.5,2.4,13.4,SF,2016-17,1.5,WAS,6.4,0.6
59,4.0,7.4,.537,1.8,4.1,.441,24,2.0,0.5,5.1,.581,.503,5.8,11.5,.828,1.4,1.7,77,77,31.6,Otto Porter,1.3,2.0,14.7,SF,2017-18,1.5,WAS,6.4,1.0
60,3.5,6.9,.504,1.9,4.6,.406,25,2.1,0.6,4.6,.546,.465,5.3,11.5,.813,1.4,1.7,56,43,30.1,Otto Porter,1.0,1.9,13.9,SF,2018-19,1.5,traded,5.6,1.2
61,1.9,3.6,.516,0.3,1.1,.280,22,0.8,0.1,3.5,.493,.459,2.2,4.8,.605,0.5,0.9,44,14,20.3,Chandler Hutchison,0.7,1.3,5.2,SF,2018-19,0.5,CHI,4.2,0.6
62,4.0,7.7,.513,0.1,0.7,.188,19,1.8,1.3,5.0,.493,.485,4.1,8.4,.795,2.0,2.5,44,44,25.2,Wendell Carter Jr.,2.0,3.5,10.3,C,2018-19,0.6,CHI,7.0,1.5
63,4.4,8.5,.515,2.6,6.6,.387,21,3.0,0.2,3.0,.544,.459,6.9,15.1,.836,2.5,3.0,47,47,37.2,Zach LaVine,0.4,2.2,18.9,SG,2016-17,0.9,MIN,3.4,1.8
64,3.9,9.7,.405,1.8,5.1,.341,22,3.0,0.2,3.5,.442,.383,5.7,14.8,.813,3.6,4.5,24,24,27.3,Zach LaVine,0.4,2.3,16.7,SG,2017-18,1.0,CHI,3.9,1.8
65,6.5,12.9,.504,1.9,5.1,.374,23,4.5,0.4,4.0,.520,.467,8.4,18.0,.832,5.0,6.0,63,62,34.5,Zach LaVine,0.6,2.2,23.7,SG,2018-19,1.0,CHI,4.7,3.4
66,2.0,4.8,.418,0.8,2.7,.288,21,1.1,0.1,1.5,.423,.371,2.8,7.5,.769,1.6,2.1,19,0,16.5,Antonio Blakeney,0.2,1.0,7.9,SG,2017-18,0.4,CHI,1.7,0.6
67,2.3,5.4,.426,0.6,1.6,.396,22,0.7,0.2,1.7,.465,.419,2.9,6.9,.658,0.9,1.3,57,3,14.5,Antonio Blakeney,0.1,0.7,7.3,SG,2018-19,0.2,CHI,1.9,0.6
68,0.9,1.9,.473,0.2,0.6,.243,25,1.6,0.1,1.0,.446,.415,1.1,2.6,.697,0.4,0.6,57,3,12.6,Tomáš Satoranský,0.4,1.1,2.7,SG,2016-17,0.5,WAS,1.5,0.7
69,2.1,3.9,.544,0.6,1.4,.465,26,3.9,0.2,2.2,.585,.523,2.8,5.3,.781,1.0,1.3,73,30,22.5,Tomáš Satoranský,1.0,1.8,7.2,SG,2017-18,0.7,WAS,3.2,1.1
70,2.4,4.6,.524,0.8,2.0,.395,27,5.0,0.2,2.5,.545,.485,3.2,6.6,.819,1.6,2.0,80,54,27.1,Tomáš Satoranský,1.0,2.2,8.9,PG,2018-19,1.0,WAS,3.5,1.5
71,4.3,7.7,.557,0.6,1.6,.381,28,1.6,0.4,4.3,.560,.527,4.9,9.3,.523,0.6,1.2,74,74,30.2,Thaddeus Young,1.8,1.8,11.0,PF,2016-17,1.5,IND,6.1,1.3
72,4.5,8.4,.531,0.7,2.2,.320,29,1.9,0.4,4.0,.521,.487,5.2,10.7,.598,0.7,1.1,81,81,32.2,Thaddeus Young,2.3,2.2,11.8,PF,2017-18,1.7,IND,6.3,1.3
73,4.8,8.6,.564,0.6,1.8,.349,30,2.5,0.4,4.1,.557,.527,5.5,10.4,.644,1.1,1.7,81,81,30.7,Thaddeus Young,2.4,2.4,12.6,PF,2018-19,1.5,IND,6.5,1.5
74,0.3,0.4,.800,0.4,1.3,.290,23,1.5,0.0,1.0,.524,.415,0.7,1.7,.833,0.2,0.3,24,0,12.7,Ryan Arcidiacono,0.0,0.8,2.0,PG,2017-18,0.5,CHI,1.0,0.5
75,1.3,2.5,.527,1.0,2.7,.373,24,3.3,0.0,2.4,.544,.447,2.3,5.2,.873,1.1,1.3,81,32,24.2,Ryan Arcidiacono,0.3,2.1,6.7,PG,2018-19,0.8,CHI,2.7,0.8
76,1.1,2.3,.457,1.4,4.0,.354,22,1.3,0.8,2.7,.504,.392,2.5,6.3,.727,0.4,0.6,20,1,16.3,Luke Kornet,0.6,1.4,6.7,PF,2017-18,0.3,NYK,3.2,0.6
77,0.8,2.0,.411,1.5,4.2,.363,23,1.2,0.9,2.3,.502,.378,2.3,6.2,.826,0.8,1.0,46,18,17.0,Luke Kornet,0.6,0.9,7.0,PF,2018-19,0.6,NYK,2.9,0.5
78,2.3,4.3,.541,0.3,1.1,.231,24,2.4,0.3,2.3,.500,.476,2.6,5.4,.737,1.2,1.7,23,2,16.7,Shaquille Harrison,0.4,1.8,6.6,PG,2017-18,1.1,PHO,2.7,1.0
79,2.2,4.6,.475,0.3,1.2,.270,25,1.9,0.4,2.6,.460,.432,2.5,5.8,.667,1.1,1.7,73,11,19.6,Shaquille Harrison,0.5,1.7,6.5,PG,2018-19,1.2,CHI,3.0,0.8
80,2.7,5.3,.516,0.0,0.0,0,26,1.0,1.3,3.5,.515,.515,2.7,5.3,.692,1.3,1.8,58,39,19.4,John Henson,1.6,2.6,6.8,C,2016-17,0.5,MIL,5.1,0.9
81,3.8,6.5,.578,0.0,0.1,.143,27,1.5,1.4,4.8,.573,.572,3.8,6.6,.570,1.2,2.1,76,69,25.9,John Henson,2.0,2.7,8.8,C,2017-18,0.6,MIL,6.8,1.1
82,1.4,2.6,.556,0.8,2.2,.355,28,1.0,0.8,3.9,.545,.463,2.2,4.8,.600,0.4,0.7,14,0,13.4,John Henson,1.1,1.1,5.6,C,2018-19,0.5,MIL,5.1,0.9
83,4.8,10.5,.461,2.3,6.8,.342,24,5.1,0.4,3.2,.482,.415,7.1,17.2,.852,3.0,3.5,52,50,36.0,Brandon Knight,0.7,2.4,19.6,SG,2015-16,1.2,PHO,3.9,3.4
84,3.0,7.1,.425,0.8,2.6,.324,25,2.4,0.1,1.7,.441,.398,3.9,9.7,.857,2.4,2.9,54,5,21.1,Brandon Knight,0.5,1.6,11.0,SG,2016-17,0.5,PHO,2.2,1.6
85,1.5,3.4,.443,1.1,3.3,.318,27,1.8,0.1,1.3,.460,.381,2.5,6.7,.794,0.7,0.9,39,26,18.9,Brandon Knight,0.3,1.6,6.8,PG,2018-19,0.5,traded,1.5,0.8
86,3.4,5.6,.604,0.0,0.0,0,25,1.0,1.1,5.5,.600,.600,3.4,5.6,.498,1.4,2.7,78,78,29.9,Tristan Thompson,3.7,2.3,8.1,C,2016-17,0.5,CLE,9.2,0.8
87,2.5,4.4,.562,0.0,0.0,0,26,0.6,0.3,4.3,.562,.562,2.5,4.4,.544,0.8,1.5,53,22,20.2,Tristan Thompson,2.4,1.9,5.8,C,2017-18,0.3,CLE,6.6,0.7
88,4.7,8.8,.529,0.0,0.0,0,27,2.0,0.4,6.2,.529,.529,4.7,8.8,.642,1.6,2.5,43,40,27.9,Tristan Thompson,4.0,2.1,10.9,C,2018-19,0.7,CLE,10.2,1.4
89,4.4,8.7,.503,1.4,4.3,.329,24,2.6,0.1,2.4,.500,.445,5.8,13.1,.798,1.6,2.0,82,19,29.2,Jordan Clarkson,0.6,1.8,14.7,SG,2016-17,1.1,LAL,3.0,2.0
90,3.9,7.9,.500,1.4,3.9,.352,25,2.7,0.1,2.0,.509,.451,5.3,11.8,.800,1.9,2.3,81,2,23.3,Jordan Clarkson,0.7,1.3,13.9,SG,2017-18,0.7,traded,2.7,1.6
91,4.8,9.1,.524,1.8,5.5,.324,26,2.4,0.2,2.3,.509,.448,6.5,14.6,.844,2.0,2.4,81,0,27.3,Jordan Clarkson,1.0,1.4,16.8,SG,2018-19,0.7,CLE,3.3,1.7
92,2.5,4.8,.523,0.0,0.1,.000,20,1.5,0.6,3.8,.512,.512,2.5,4.9,.721,1.9,2.6,69,19,19.8,Bam Adebayo,1.7,2.0,6.9,C,2017-18,0.5,MIA,5.5,1.0
93,3.4,5.7,.588,0.0,0.2,.200,21,2.2,0.8,5.3,.579,.576,3.4,5.9,.735,2.0,2.8,82,28,23.3,Bam Adebayo,2.0,2.5,8.9,C,2018-19,0.9,MIA,7.3,1.5
94,3.7,6.8,.548,1.1,3.4,.340,29,3.6,1.1,4.1,.535,.479,4.8,10.1,.707,2.0,2.8,76,5,27.4,James Johnson,0.9,2.6,12.8,PF,2016-17,1.0,MIA,4.9,2.3
95,3.5,5.9,.587,0.8,2.5,.308,30,3.8,0.7,4.1,.550,.503,4.2,8.4,.698,1.5,2.2,73,41,26.6,James Johnson,0.8,2.6,10.8,PF,2017-18,1.0,MIA,4.9,1.9
96,2.1,4.2,.496,0.9,2.7,.336,31,2.5,0.5,2.8,.499,.433,3.0,6.9,.714,0.9,1.3,55,33,21.2,James Johnson,0.4,2.1,7.8,PF,2018-19,0.6,MIA,3.2,1.3
97,4.3,9.7,.438,1.8,4.7,.395,25,4.3,0.4,2.9,.488,.424,6.1,14.4,.646,1.8,2.8,46,43,30.1,Dion Waiters,0.4,2.1,15.8,SG,2016-17,0.9,MIA,3.3,2.2
98,3.7,8.0,.463,1.7,5.7,.306,26,3.8,0.3,2.3,.461,.398,5.4,13.7,.739,1.7,2.3,30,30,30.6,Dion Waiters,0.3,2.0,14.3,SG,2017-18,0.8,MIA,2.6,2.3
99,2.0,4.3,.471,2.5,6.6,.377,27,2.8,0.2,2.5,.528,.414,4.5,10.9,.500,0.5,1.0,44,28,25.9,Dion Waiters,0.2,1.6,12.0,SG,2018-19,0.7,MIA,2.6,1.5
100,2.6,4.2,.608,0.9,2.6,.354,25,2.0,0.4,3.8,.579,.512,3.5,6.8,.732,1.2,1.6,75,6,20.5,Kelly Olynyk,1.0,2.8,9.0,C,2016-17,0.6,BOS,4.8,1.3
101,2.8,4.7,.590,1.4,3.7,.379,26,2.7,0.5,4.5,.580,.497,4.2,8.4,.770,1.8,2.3,76,22,23.4,Kelly Olynyk,1.2,2.9,11.5,PF,2017-18,0.8,MIA,5.7,1.9
102,1.9,3.1,.604,1.4,4.0,.354,27,1.8,0.5,3.8,.563,.463,3.3,7.1,.822,1.9,2.3,79,36,22.9,Kelly Olynyk,0.9,2.3,10.0,PF,2018-19,0.7,MIA,4.7,1.4
103,2.0,3.4,.591,0.1,0.3,.273,19,0.4,0.4,1.3,.574,.562,2.1,3.8,.707,0.9,1.3,32,8,17.0,Derrick Jones Jr.,1.2,2.0,5.3,SF,2016-17,0.4,PHO,2.5,0.4
104,0.9,1.8,.514,0.2,0.9,.167,20,0.5,0.7,0.9,.425,.396,1.1,2.7,.667,0.8,1.2,20,8,12.3,Derrick Jones Jr.,1.1,1.2,3.1,SF,2017-18,0.2,traded,1.9,0.4
105,2.2,3.9,.567,0.5,1.5,.308,21,0.6,0.7,2.4,.537,.494,2.7,5.4,.607,1.2,2.0,60,14,19.2,Derrick Jones Jr.,1.6,2.1,7.0,SF,2018-19,0.8,MIA,4.0,0.7
106,4.1,10.6,.384,0.4,1.9,.200,20,3.7,0.3,3.9,.371,.356,4.4,12.5,.617,1.6,2.6,18,15,34.7,Justise Winslow,1.3,2.9,10.9,SF,2016-17,1.4,MIA,5.2,1.8
107,2.3,5.3,.440,0.7,1.9,.380,21,2.2,0.5,4.5,.474,.424,3.0,7.2,.635,1.0,1.5,68,25,24.7,Justise Winslow,0.9,2.1,7.8,PF,2017-18,0.8,MIA,5.4,1.1
108,3.5,7.5,.462,1.5,3.9,.375,22,4.3,0.3,4.4,.497,.433,4.9,11.3,.628,1.3,2.1,66,52,29.7,Justise Winslow,1.0,2.7,12.6,SF,2018-19,1.1,MIA,5.4,2.2
109,0.5,1.5,.333,0.0,0.5,.000,22,0.0,0.0,1.0,.250,.250,0.5,2.0,,0.0,0.0,2,0,6.5,Yante Maten,0.5,0.0,1.0,PF,2018-19,0.5,MIA,1.5,0.0
110,0.5,0.7,.727,0.7,2.3,.286,24,0.3,0.0,1.1,.500,.391,1.2,3.1,.667,0.3,0.4,15,1,10.7,Duncan Robinson,0.1,0.7,3.3,PF,2018-19,0.3,MIA,1.3,0.3
111,6.3,13.2,.477,1.2,3.3,.367,27,5.5,0.4,4.5,.492,.455,7.5,16.5,.865,7.7,8.9,76,75,37.0,Jimmy Butler,1.7,1.5,23.9,SF,2016-17,1.9,CHI,6.2,2.1
112,6.2,12.2,.509,1.2,3.4,.350,28,4.9,0.4,4.0,.512,.474,7.4,15.6,.854,6.2,7.2,59,59,36.7,Jimmy Butler,1.3,1.3,22.2,SG,2017-18,2.0,MIN,5.3,1.8
113,5.4,10.9,.494,1.0,3.0,.347,29,4.0,0.6,3.4,.499,.462,6.4,13.9,.855,4.8,5.6,65,65,33.6,Jimmy Butler,1.9,1.7,18.7,SF-SG,2018-19,1.9,traded,5.3,1.5
114,7.6,13.5,.563,0.6,2.3,.272,22,5.4,1.9,7.0,.541,.521,8.2,15.7,.770,5.9,7.7,80,80,35.6,Giannis Antetokounmpo,1.8,3.1,22.9,SF,2016-17,1.6,MIL,8.8,2.9
115,9.3,16.8,.554,0.6,1.9,.307,23,4.8,1.4,8.0,.545,.529,9.9,18.7,.760,6.5,8.5,75,75,36.7,Giannis Antetokounmpo,2.1,3.1,26.9,PF,2017-18,1.5,MIL,10.0,3.0
116,9.3,14.5,.641,0.7,2.8,.256,24,5.9,1.5,10.3,.599,.578,10.0,17.3,.729,6.9,9.5,72,72,32.8,Giannis Antetokounmpo,2.2,3.2,27.7,PF,2018-19,1.3,MIL,12.5,3.7
117,0.3,0.5,.636,0.1,0.2,.400,21,0.1,0.0,0.4,.625,.563,0.4,0.7,.500,0.0,0.1,22,0,3.2,D.J. Wilson,0.1,0.3,1.0,PF,2017-18,0.1,MIL,0.5,0.2
118,1.2,2.6,.468,1.0,2.6,.362,22,1.1,0.4,3.7,.506,.414,2.2,5.2,.553,0.5,1.0,48,3,18.4,D.J. Wilson,0.9,1.8,5.8,PF,2018-19,0.4,MIL,4.6,0.7
119,0.9,2.1,.439,0.6,1.7,.352,22,0.5,0.2,2.1,.478,.400,1.5,3.8,.875,0.4,0.4,54,4,14.4,Sterling Brown,0.5,1.5,4.0,SG,2017-18,0.6,MIL,2.6,0.5
120,1.6,2.8,.558,0.9,2.5,.361,23,1.4,0.1,2.7,.550,.465,2.5,5.4,.690,0.5,0.7,58,7,17.8,Sterling Brown,0.5,1.5,6.4,SG,2018-19,0.4,MIL,3.2,0.8
121,1.0,1.5,.683,0.8,3.1,.265,22,1.1,0.2,1.8,.492,.403,1.9,4.6,.750,0.3,0.4,27,0,15.2,Donte DiVincenzo,0.6,1.4,4.9,SG,2018-19,0.5,MIL,2.4,0.7
122,3.0,6.0,.496,1.7,4.9,.353,29,1.7,0.3,4.5,.511,.431,4.7,10.9,.778,2.0,2.5,82,52,26.1,Ersan İlyasova,1.4,2.6,13.1,PF,2016-17,0.7,traded,5.9,1.4
123,2.7,5.2,.517,1.3,3.7,.360,30,1.3,0.4,4.2,.526,.452,4.0,8.9,.778,1.5,2.0,69,43,25.1,Ersan İlyasova,1.7,2.3,10.9,PF,2017-18,0.9,traded,5.9,1.0
124,1.6,3.3,.493,0.9,2.4,.363,31,0.8,0.3,3.1,.514,.438,2.5,5.7,.824,0.9,1.1,67,7,18.4,Ersan İlyasova,1.4,2.6,6.8,PF,2018-19,0.5,MIL,4.5,0.7
125,0.5,1.0,.513,0.4,0.8,.515,24,0.7,0.1,1.1,.632,.514,0.9,1.8,.778,0.2,0.2,39,1,8.1,Pat Connaughton,0.3,0.6,2.5,SG,2016-17,0.2,POR,1.3,0.4
126,1.1,2.2,.506,0.9,2.6,.352,25,1.1,0.3,1.5,.518,.423,2.0,4.8,.841,0.5,0.5,82,5,18.1,Pat Connaughton,0.4,1.5,5.4,SG,2017-18,0.3,POR,2.0,0.5
127,1.6,2.5,.647,1.1,3.3,.330,26,2.0,0.4,3.2,.560,.466,2.7,5.7,.725,0.5,0.7,61,2,20.7,Pat Connaughton,1.0,1.3,6.9,SG,2018-19,0.5,MIL,4.2,0.5
128,5.2,11.0,.477,1.6,4.7,.335,27,6.3,0.5,4.1,.485,.434,6.8,15.7,.847,5.9,6.9,66,66,33.0,Eric Bledsoe,0.8,2.5,21.1,PG,2016-17,1.4,PHO,4.8,3.4
129,4.6,8.5,.545,1.7,4.9,.347,28,5.0,0.6,3.1,.536,.473,6.3,13.4,.795,3.4,4.3,74,74,31.4,Eric Bledsoe,0.7,2.5,17.7,PG,2017-18,2.0,traded,3.8,2.9
130,4.4,7.6,.582,1.6,4.8,.329,29,5.5,0.4,3.6,.548,.484,6.0,12.4,.750,2.3,3.0,78,78,29.1,Eric Bledsoe,1.1,2.0,15.9,PG,2018-19,1.5,MIL,4.6,2.1
131,1.0,2.3,.444,0.6,2.6,.238,23,0.4,0.1,2.8,.397,.333,1.6,4.9,.889,1.0,1.1,8,2,12.3,Bonzie Colson,1.0,0.4,4.9,SF,2018-19,0.6,MIL,3.8,0.4
132,5.6,10.5,.536,1.8,5.2,.346,28,2.3,1.7,3.8,.531,.474,7.4,15.6,.810,3.9,4.9,75,75,29.6,Brook Lopez,1.6,2.6,20.5,C,2016-17,0.5,BRK,5.4,2.5
133,3.5,6.3,.549,1.5,4.4,.345,29,1.7,1.3,3.0,.536,.465,5.0,10.7,.703,1.5,2.1,74,72,23.4,Brook Lopez,1.0,2.6,13.0,C,2017-18,0.4,LAL,4.0,1.3
134,2.1,3.4,.613,2.3,6.3,.365,30,1.2,2.2,4.5,.571,.452,4.4,9.7,.842,1.4,1.6,81,81,28.7,Brook Lopez,0.4,2.3,12.5,C,2018-19,0.6,MIL,4.9,1.0
135,4.0,7.6,.523,1.9,4.8,.403,30,4.2,0.2,2.9,.554,.477,5.9,12.4,.801,3.2,4.0,49,49,31.5,George Hill,0.5,2.3,16.9,PG,2016-17,1.0,UTA,3.4,1.7
136,2.3,4.6,.490,1.3,3.1,.415,31,2.8,0.4,2.1,.543,.460,3.5,7.7,.786,1.6,2.1,67,60,27.0,George Hill,0.6,1.9,10.0,PG,2017-18,0.9,traded,2.7,1.3
137,2.0,3.7,.547,0.8,2.6,.314,32,2.3,0.1,1.8,.516,.452,2.8,6.3,.824,1.2,1.4,60,13,21.7,George Hill,0.7,1.7,7.6,PG,2018-19,0.9,traded,2.5,0.9
138,3.6,7.9,.459,1.6,3.6,.433,25,3.4,0.2,3.9,.518,.450,5.2,11.5,.880,2.8,3.2,29,23,30.7,Khris Middleton,0.4,2.7,14.7,SF,2016-17,1.4,MIL,4.2,2.2
139,5.5,10.5,.517,1.8,5.0,.359,26,4.0,0.3,4.7,.524,.466,7.2,15.5,.884,3.9,4.4,82,82,36.4,Khris Middleton,0.5,3.3,20.1,SF,2017-18,1.5,MIL,5.2,2.3
140,4.2,8.8,.485,2.3,6.2,.378,27,4.3,0.1,5.3,.519,.441,6.6,14.9,.837,2.8,3.4,77,77,31.1,Khris Middleton,0.6,2.2,18.3,SF,2018-19,1.0,MIL,6.0,2.3
141,4.7,9.5,.494,0.0,0.0,0,28,1.0,1.4,3.4,.493,.493,4.7,9.6,.721,0.9,1.3,81,81,28.0,Robin Lopez,3.0,1.9,10.4,C,2016-17,0.2,CHI,6.4,1.1
142,5.3,9.9,.536,0.1,0.2,.286,29,1.9,0.8,2.4,.533,.530,5.3,10.1,.756,1.1,1.4,64,64,26.4,Robin Lopez,2.1,1.7,11.8,C,2017-18,0.2,CHI,4.5,1.7
143,4.0,6.8,.589,0.1,0.4,.226,30,1.2,1.1,2.0,.575,.568,4.1,7.2,.724,1.2,1.7,74,36,21.7,Robin Lopez,1.9,1.7,9.5,C,2018-19,0.1,CHI,3.9,1.3
144,2.2,5.0,.432,2.4,6.6,.363,30,2.9,0.2,3.3,.496,.393,4.6,11.6,.816,2.0,2.5,73,73,34.2,Wesley Matthews,0.2,2.2,13.5,SG,2016-17,1.1,DAL,3.5,1.4
145,2.1,4.7,.441,2.4,6.4,.381,31,2.7,0.3,2.7,.516,.406,4.5,11.1,.822,1.3,1.6,63,62,33.8,Wesley Matthews,0.4,2.2,12.7,SF,2017-18,1.2,DAL,3.1,1.3
146,1.9,4.3,.437,2.2,5.8,.372,32,2.3,0.2,2.0,.507,.400,4.0,10.1,.810,1.9,2.4,69,68,30.3,Wesley Matthews,0.5,2.3,12.2,SF-SG,2018-19,0.8,traded,2.5,1.3
147,1.5,1.5,1.000,0.0,0.5,.000,23,0.0,0.0,0.5,.750,.750,1.5,2.0,,0.0,0.0,2,0,3.0,Thanasis Antetokounmpo,0.0,1.0,3.0,SF,2015-16,0.0,NYK,0.5,0.0
148,3.9,7.5,.511,0.2,0.5,.372,27,1.9,1.2,5.6,.514,.502,4.0,8.1,.814,1.7,2.0,82,82,32.4,Gorgui Dieng,2.3,3.1,10.0,PF,2016-17,1.1,MIN,7.9,1.3
149,2.1,4.1,.511,0.2,0.8,.311,28,0.9,0.5,3.2,.504,.479,2.4,4.9,.775,1.0,1.3,79,0,16.9,Gorgui Dieng,1.3,1.9,5.9,C,2017-18,0.6,MIN,4.6,0.7
150,2.2,4.2,.530,0.3,0.7,.339,29,0.9,0.5,3.0,.527,.501,2.5,5.0,.830,1.2,1.4,76,2,13.6,Gorgui Dieng,1.1,1.8,6.4,C,2018-19,0.6,MIN,4.1,0.8
151,3.8,8.0,.475,1.1,3.1,.357,28,7.8,0.4,3.6,.492,.442,4.9,11.1,.867,4.4,5.1,82,82,32.4,Jeff Teague,0.4,2.0,15.3,PG,2016-17,1.2,IND,4.0,2.6
152,3.9,8.1,.477,1.2,3.3,.368,29,7.0,0.3,2.6,.499,.446,5.1,11.3,.845,2.9,3.4,70,70,33.0,Jeff Teague,0.3,2.4,14.2,PG,2017-18,1.5,MIN,3.0,2.5
153,3.4,7.4,.453,0.8,2.5,.333,30,8.2,0.4,2.1,.465,.423,4.2,9.9,.804,2.9,3.6,42,41,30.1,Jeff Teague,0.4,2.1,12.1,PG,2018-19,1.0,MIN,2.5,2.3
154,7.4,15.6,.473,1.3,3.5,.356,21,2.3,0.4,2.8,.484,.452,8.6,19.1,.760,5.0,6.6,82,82,37.2,Andrew Wiggins,1.2,2.2,23.6,SF,2016-17,1.0,MIN,4.0,2.3
155,5.6,11.7,.475,1.4,4.1,.331,22,2.0,0.6,3.4,.481,.438,6.9,15.9,.643,2.5,3.8,82,82,36.3,Andrew Wiggins,1.0,2.0,17.7,SF,2017-18,1.1,MIN,4.4,1.7
156,5.2,11.8,.441,1.6,4.8,.339,23,2.5,0.7,3.7,.461,.412,6.8,16.6,.699,2.8,4.1,73,73,34.8,Andrew Wiggins,1.1,2.1,18.1,SF,2018-19,1.0,MIN,4.8,1.9
157,2.3,4.8,.484,2.0,6.1,.333,26,1.5,1.0,5.1,.492,.399,4.4,10.9,.822,2.1,2.6,67,67,31.6,Robert Covington,1.4,3.0,12.9,SF,2016-17,1.9,PHI,6.5,2.0
158,1.8,3.6,.497,2.5,6.9,.369,27,2.0,0.9,4.7,.534,.413,4.3,10.5,.853,1.5,1.7,80,80,31.7,Robert Covington,0.7,3.0,12.6,SF,2017-18,1.7,PHI,5.4,1.6
159,2.0,3.9,.518,2.4,6.4,.378,28,1.3,1.3,4.7,.548,.431,4.5,10.3,.764,1.9,2.5,35,35,34.4,Robert Covington,0.8,3.6,13.3,SF,2018-19,2.1,traded,5.5,1.3
160,1.8,4.0,.464,0.8,2.9,.279,20,1.2,0.4,2.4,.445,.386,2.6,6.9,.728,1.6,2.2,74,52,23.7,Josh Okogie,0.6,2.2,7.7,SG,2018-19,1.2,MIN,2.9,0.9
161,1.6,3.0,.522,0.4,1.7,.250,23,0.6,0.5,2.2,.468,.423,2.0,4.7,.643,0.6,0.9,30,3,16.8,Keita Bates-Diop,0.5,1.0,5.0,SF,2018-19,0.6,MIN,2.8,0.5
162,0.7,1.7,.429,0.6,1.7,.370,25,1.3,0.0,1.0,.492,.399,1.4,3.5,.776,0.7,0.9,53,2,9.7,Shabazz Napier,0.2,0.7,4.1,PG,2016-17,0.6,POR,1.2,0.8
163,1.9,4.2,.450,1.1,2.9,.376,26,2.0,0.2,1.9,.497,.420,3.0,7.2,.841,1.6,1.9,74,10,20.7,Shabazz Napier,0.4,1.1,8.7,PG,2017-18,1.1,POR,2.3,1.2
164,1.7,3.7,.449,1.4,4.1,.333,27,2.6,0.3,1.5,.476,.389,3.0,7.8,.833,2.1,2.5,56,2,17.6,Shabazz Napier,0.3,1.2,9.4,PG,2018-19,0.7,BRK,1.8,1.2
165,0.4,0.9,.400,0.3,0.6,.600,23,0.2,0.0,0.6,.588,.475,0.7,1.5,.667,0.4,0.6,27,1,7.0,Treveon Graham,0.2,0.7,2.1,SG,2016-17,0.2,CHO,0.8,0.1
166,0.9,2.0,.452,0.6,1.5,.412,24,0.9,0.0,1.3,.525,.434,1.5,3.5,.695,0.7,0.9,63,2,16.7,Treveon Graham,0.7,1.7,4.3,SG,2017-18,0.5,CHO,1.9,0.4
167,0.7,1.8,.413,1.1,3.7,.297,25,1.0,0.2,2.4,.435,.335,1.8,5.5,.818,0.5,0.6,35,21,20.4,Treveon Graham,0.7,1.9,5.3,SG,2018-19,0.4,BRK,3.1,0.5
168,8.5,14.7,.582,1.2,3.4,.367,21,2.7,1.3,8.7,.576,.542,9.8,18.0,.832,4.3,5.2,82,82,37.0,Karl-Anthony Towns,3.6,2.9,25.1,C,2016-17,0.7,MIN,12.3,2.6
169,6.3,10.8,.585,1.5,3.5,.421,22,2.4,1.4,9.4,.596,.545,7.8,14.3,.858,4.2,4.9,82,82,35.6,Karl-Anthony Towns,2.9,3.5,21.3,C,2017-18,0.8,MIN,12.3,1.9
170,7.0,12.5,.562,1.8,4.6,.400,23,3.4,1.6,9.0,.572,.518,8.8,17.1,.836,4.9,5.8,77,77,33.1,Karl-Anthony Towns,3.4,3.8,24.4,C,2018-19,0.9,MIN,12.4,3.1
171,0.4,1.1,.342,0.4,1.5,.255,22,0.3,0.1,0.5,.365,.292,0.7,2.5,.765,0.4,0.5,35,1,7.1,Jake Layman,0.2,0.6,2.2,SF,2016-17,0.3,POR,0.7,0.3
172,0.3,0.8,.370,0.1,0.6,.200,23,0.3,0.1,0.3,.340,.298,0.4,1.3,.667,0.1,0.1,35,1,4.6,Jake Layman,0.1,0.4,1.0,SF,2017-18,0.2,POR,0.5,0.1
173,2.2,3.4,.646,0.8,2.5,.326,24,0.7,0.4,2.3,.579,.509,3.0,6.0,.704,0.7,1.0,71,33,18.7,Jake Layman,0.8,1.6,7.6,SF,2018-19,0.4,POR,3.1,0.6
174,3.3,6.9,.483,0.3,1.3,.250,23,2.4,0.4,2.8,.466,.445,3.7,8.2,.782,2.0,2.6,30,19,28.4,Tyrone Wallace,0.7,2.8,9.7,PG,2017-18,0.9,LAC,3.5,1.5
175,1.4,3.2,.444,0.1,0.3,.211,24,0.7,0.1,1.3,.433,.424,1.5,3.5,.526,0.5,0.9,62,0,10.1,Tyrone Wallace,0.3,1.3,3.5,PG,2018-19,0.3,LAC,1.6,0.6
176,1.7,3.4,.492,0.1,0.3,.350,21,0.4,0.4,3.5,.494,.481,1.8,3.6,.638,0.8,1.3,74,41,17.1,Noah Vonleh,1.8,2.1,4.4,PF,2016-17,0.4,POR,5.2,0.9
177,1.6,3.1,.500,0.4,1.2,.303,22,0.6,0.3,4.5,.487,.444,1.9,4.3,.621,0.7,1.1,54,16,16.2,Noah Vonleh,1.3,1.3,4.9,PF,2017-18,0.4,traded,5.8,0.6
178,2.4,4.5,.531,0.7,2.0,.336,23,1.9,0.8,6.1,.523,.470,3.0,6.5,.712,1.6,2.3,68,57,25.3,Noah Vonleh,1.7,2.6,8.4,PF,2018-19,0.7,NYK,7.8,1.3
179,1.7,4.4,.385,0.6,2.0,.318,19,3.2,0.2,1.8,.414,.364,2.3,6.4,.721,0.6,0.9,78,9,21.9,Frank Ntilikina,0.5,2.3,5.9,PG,2017-18,0.8,NYK,2.3,1.7
180,1.4,3.9,.371,0.8,2.7,.287,20,2.8,0.3,1.7,.395,.337,2.2,6.6,.767,0.5,0.7,43,16,21.0,Frank Ntilikina,0.3,2.4,5.7,PG,2018-19,0.7,NYK,2.0,1.3
181,4.3,9.9,.435,1.5,4.9,.313,20,5.2,0.3,3.0,.446,.395,5.9,14.8,.694,1.9,2.8,69,69,29.7,Dennis Smith Jr.,0.7,2.2,15.2,PG,2017-18,1.0,DAL,3.8,2.8
182,4.0,8.3,.477,1.3,3.9,.322,21,4.8,0.4,2.3,.479,.428,5.2,12.3,.635,1.9,2.9,53,50,28.5,Dennis Smith Jr.,0.6,2.4,13.6,PG,2018-19,1.3,traded,2.9,2.9
183,1.1,2.1,.538,0.5,1.5,.324,23,0.7,0.0,1.7,.516,.447,1.6,3.7,.696,0.4,0.5,44,2,10.8,Damyean Dotson,0.2,0.8,4.1,SG,2017-18,0.3,NYK,1.9,0.4
184,2.2,4.9,.461,1.7,4.7,.368,24,1.8,0.1,3.1,.506,.415,4.0,9.6,.745,1.0,1.3,73,40,27.5,Damyean Dotson,0.5,1.8,10.7,SG,2018-19,0.8,NYK,3.6,1.0
185,2.8,7.3,.387,1.7,4.9,.343,19,1.1,0.3,3.7,.438,.370,4.5,12.2,.717,2.2,3.0,75,57,28.8,Kevin Knox,0.8,2.3,12.8,PF,2018-19,0.6,NYK,4.5,1.5
186,3.1,4.4,.694,0.0,0.0,0,20,0.6,2.4,3.7,.694,.694,3.1,4.4,.600,1.2,2.0,66,19,20.6,Mitchell Robinson,2.7,3.3,7.3,C,2018-19,0.8,NYK,6.4,0.5
187,2.8,6.0,.466,0.8,2.1,.394,23,1.9,0.2,2.6,.498,.448,3.6,8.1,.803,2.8,3.5,64,3,22.8,Allonzo Trier,0.5,1.8,10.9,SG,2018-19,0.4,NYK,3.1,1.8
188,0.3,0.6,.545,0.0,0.6,.000,25,0.7,0.1,0.4,.273,.273,0.3,1.2,.778,0.4,0.5,18,1,5.9,Kadeem Allen,0.2,0.8,1.1,PG,2017-18,0.2,BOS,0.6,0.5
189,2.5,5.5,.457,0.9,1.9,.472,26,4.0,0.2,2.3,.521,.461,3.4,7.4,.778,2.2,2.8,19,1,21.9,Kadeem Allen,0.4,2.4,9.9,SG,2018-19,0.8,NYK,2.7,1.4
190,4.9,9.6,.507,0.2,0.9,.270,22,3.6,0.5,6.6,.499,.488,5.1,10.4,.723,2.8,3.8,74,73,28.8,Julius Randle,2.0,3.4,13.2,PF,2016-17,0.7,LAL,8.6,2.3
191,6.0,10.5,.575,0.1,0.5,.222,23,2.6,0.5,5.8,.563,.558,6.1,11.0,.718,3.7,5.2,82,49,26.7,Julius Randle,2.2,3.3,16.1,C,2017-18,0.5,LAL,8.0,2.6
192,6.9,12.2,.564,0.9,2.7,.344,24,3.1,0.6,6.5,.555,.524,7.8,14.9,.731,4.9,6.7,73,49,30.6,Julius Randle,2.2,3.4,21.4,PF,2018-19,0.7,NOP,8.7,2.8
193,4.6,8.9,.520,0.0,0.2,.231,31,0.9,0.8,4.2,.517,.515,4.7,9.1,.715,1.4,2.0,78,71,25.5,Taj Gibson,2.0,2.1,10.8,PF,2016-17,0.5,traded,6.2,1.3
194,5.1,8.6,.595,0.1,0.4,.200,32,1.2,0.7,4.8,.581,.577,5.2,9.0,.768,1.7,2.3,82,82,33.2,Taj Gibson,2.4,2.7,12.2,PF,2017-18,0.8,MIN,7.1,1.1
195,4.2,7.2,.583,0.2,0.5,.324,33,1.2,0.6,4.1,.576,.566,4.3,7.7,.757,1.9,2.5,70,57,24.1,Taj Gibson,2.5,2.7,10.8,PF,2018-19,0.8,MIN,6.5,1.0
196,2.4,4.4,.541,0.5,1.5,.333,21,0.5,0.2,3.5,.531,.488,2.9,5.9,.661,0.6,0.9,64,13,15.6,Bobby Portis,1.2,1.5,6.8,PF,2016-17,0.3,CHI,4.6,0.6
197,4.1,8.1,.514,1.1,3.1,.359,22,1.7,0.3,4.6,.520,.471,5.2,11.1,.769,1.6,2.1,73,4,22.5,Bobby Portis,2.2,1.8,13.2,PF,2017-18,0.7,CHI,6.8,1.4
198,4.1,8.7,.467,1.5,3.8,.393,23,1.4,0.4,5.9,.504,.444,5.6,12.6,.794,1.5,1.9,50,28,26.0,Bobby Portis,2.2,2.9,14.2,PF,2018-19,0.7,traded,8.1,1.5
199,1.3,2.6,.509,2.4,6.4,.378,29,1.1,0.1,1.8,.550,.416,3.7,9.0,.860,0.6,0.7,62,13,24.2,Wayne Ellington,0.3,1.1,10.5,SG,2016-17,0.6,MIA,2.1,0.5
200,0.8,1.6,.479,2.9,7.5,.392,30,1.0,0.1,2.5,.569,.407,3.7,9.1,.859,0.9,1.0,77,2,26.5,Wayne Ellington,0.3,1.2,11.2,SG,2017-18,0.7,MIA,2.8,0.7
201,0.9,1.6,.541,2.6,7.0,.371,31,1.4,0.1,1.8,.554,.403,3.5,8.6,.796,0.7,0.9,53,38,24.5,Wayne Ellington,0.3,1.7,10.3,SG,2018-19,1.0,traded,2.0,0.8
202,4.8,9.3,.509,0.5,1.8,.274,22,6.5,0.5,3.6,.493,.471,5.2,11.1,.692,1.8,2.6,82,58,29.4,Elfrid Payton,1.1,2.2,12.8,PG,2016-17,1.1,ORL,4.7,2.2
203,4.7,9.1,.520,0.5,1.5,.326,23,6.2,0.3,3.3,.516,.493,5.2,10.6,.649,1.7,2.7,63,63,28.7,Elfrid Payton,1.0,2.3,12.7,PG,2017-18,1.3,traded,4.3,2.7
204,3.5,7.3,.476,0.8,2.5,.314,24,7.6,0.4,4.1,.475,.434,4.3,9.8,.743,1.3,1.8,42,42,29.8,Elfrid Payton,1.2,1.9,10.6,PG,2018-19,1.0,NOP,5.2,2.7
205,3.8,8.2,.466,1.5,4.5,.331,27,2.0,0.3,3.7,.477,.418,5.3,12.7,.784,1.8,2.3,79,79,32.5,Marcus Morris,1.0,2.1,14.0,SF,2016-17,0.7,DET,4.6,1.1
206,3.3,7.0,.467,1.6,4.3,.368,28,1.3,0.2,4.6,.499,.429,4.9,11.3,.805,2.3,2.9,54,21,26.8,Marcus Morris,0.8,1.9,13.6,PF,2017-18,0.6,BOS,5.4,1.2
207,3.1,6.1,.508,1.9,5.2,.375,29,1.5,0.3,5.1,.533,.447,5.0,11.3,.844,1.9,2.3,75,53,27.9,Marcus Morris,1.0,2.4,13.9,PF,2018-19,0.6,BOS,6.1,1.2
208,0.8,1.8,.473,0.9,2.4,.384,25,0.9,0.1,1.6,.531,.422,1.7,4.1,.714,0.2,0.2,31,5,15.1,Reggie Bullock,0.4,0.7,4.5,SF,2016-17,0.6,DET,2.1,0.3
209,2.3,4.3,.536,2.0,4.5,.445,26,1.5,0.2,2.0,.603,.489,4.3,8.8,.796,0.6,0.8,62,52,27.9,Reggie Bullock,0.4,1.1,11.3,SF,2017-18,0.8,DET,2.5,0.8
210,1.5,3.2,.483,2.3,6.2,.377,27,2.0,0.2,2.4,.537,.412,3.9,9.4,.859,1.2,1.3,63,60,29.8,Reggie Bullock,0.3,1.7,11.3,SG,2018-19,0.6,traded,2.7,1.0
211,5.7,11.6,.487,1.3,3.7,.340,23,6.3,0.2,2.6,.493,.451,6.9,15.4,.855,2.8,3.2,79,78,31.5,Dennis Schröder,0.5,1.9,17.9,PG,2016-17,0.9,ATL,3.1,3.3
212,6.3,13.2,.480,1.1,3.9,.290,24,6.2,0.1,2.4,.469,.436,7.5,17.1,.849,3.4,4.0,67,67,31.0,Dennis Schröder,0.7,2.2,19.4,PG,2017-18,1.1,ATL,3.1,2.7
213,4.2,9.4,.450,1.6,4.6,.341,25,4.1,0.2,3.1,.470,.414,5.8,14.0,.819,2.4,2.9,79,14,29.3,Dennis Schröder,0.5,2.4,15.5,PG,2018-19,0.8,OKC,3.6,2.2
214,4.7,8.2,.572,0.0,0.0,0,23,1.1,1.0,4.2,.571,.571,4.7,8.2,.611,2.0,3.2,80,80,29.9,Steven Adams,3.5,2.4,11.3,C,2016-17,1.1,OKC,7.7,1.8
215,5.9,9.3,.631,0.0,0.0,0,24,1.2,1.0,4.0,.629,.629,5.9,9.4,.559,2.1,3.8,76,76,32.7,Steven Adams,5.1,2.8,13.9,C,2017-18,1.2,OKC,9.0,1.7
216,6.0,10.1,.596,0.0,0.0,0,25,1.6,1.0,4.6,.595,.595,6.0,10.1,.500,1.8,3.7,80,80,33.4,Steven Adams,4.9,2.6,13.9,C,2018-19,1.5,OKC,9.5,1.7
217,3.3,6.8,.491,2.0,5.1,.389,28,2.1,0.2,4.5,.531,.447,5.3,11.9,.902,5.5,6.1,63,63,33.9,Danilo Gallinari,0.6,1.5,18.2,SF,2016-17,0.6,DEN,5.2,1.3
218,3.1,6.9,.455,1.7,5.3,.324,29,2.0,0.5,4.4,.469,.398,4.9,12.2,.931,3.9,4.1,21,21,32.0,Danilo Gallinari,0.4,1.4,15.3,SF,2017-18,0.6,LAC,4.8,1.2
219,3.6,7.5,.484,2.4,5.5,.433,30,2.6,0.3,5.3,.554,.463,6.0,13.0,.904,5.4,6.0,68,68,30.3,Danilo Gallinari,0.8,1.9,19.8,SF,2018-19,0.7,LAC,6.1,1.5
220,0.9,2.0,.458,1.4,3.9,.372,27,1.2,0.4,3.6,.523,.401,2.4,5.9,.717,0.7,0.9,65,8,24.6,Patrick Patterson,1.0,1.8,6.8,PF,2016-17,0.6,TOR,4.5,0.6
221,0.5,1.2,.421,0.8,2.1,.386,28,0.7,0.3,2.0,.523,.398,1.3,3.2,.870,0.5,0.6,82,3,15.5,Patrick Patterson,0.4,1.1,3.9,PF,2017-18,0.6,OKC,2.4,0.4
222,0.6,1.3,.439,0.7,2.2,.336,29,0.5,0.2,1.7,.479,.374,1.3,3.5,.633,0.3,0.5,63,5,13.7,Patrick Patterson,0.7,0.7,3.6,PF,2018-19,0.3,OKC,2.3,0.3
223,0.6,1.8,.321,0.5,1.4,.354,24,0.5,0.2,1.2,.413,.336,1.0,3.1,.590,0.5,0.8,48,1,10.9,Abdel Nader,0.3,0.9,3.0,SF,2017-18,0.3,BOS,1.5,0.7
224,1.0,1.9,.513,0.5,1.6,.320,25,0.3,0.2,1.7,.498,.423,1.5,3.5,.750,0.4,0.6,61,1,11.4,Abdel Nader,0.2,1.1,4.0,SF,2018-19,0.3,OKC,1.9,0.4
225,1.5,2.4,.608,0.5,1.5,.311,24,0.7,0.6,2.5,.555,.496,1.9,3.9,.611,0.5,0.8,70,70,22.2,Andre Roberson,1.1,1.9,4.8,SG,2015-16,0.8,OKC,3.6,0.5
226,2.2,3.5,.609,0.6,2.3,.245,25,1.0,1.0,3.9,.513,.464,2.7,5.9,.423,0.6,1.4,79,79,30.1,Andre Roberson,1.2,2.6,6.6,SF,2016-17,1.2,OKC,5.1,0.6
227,2.0,3.2,.627,0.2,0.9,.222,26,1.2,0.9,2.8,.562,.537,2.2,4.2,.316,0.3,1.0,39,39,26.6,Andre Roberson,1.9,2.3,5.0,SG,2017-18,1.2,OKC,4.7,0.8
228,0.5,0.8,.612,0.7,2.0,.333,19,0.3,0.2,0.5,.533,.414,1.1,2.8,.900,0.1,0.2,61,12,12.5,Terrance Ferguson,0.3,1.4,3.1,SG,2017-18,0.4,OKC,0.8,0.2
229,1.1,1.9,.560,1.4,3.9,.366,20,1.0,0.2,1.5,.552,.429,2.5,5.8,.725,0.5,0.7,74,74,26.1,Terrance Ferguson,0.4,3.1,6.9,SG,2018-19,0.5,OKC,1.9,0.6
230,3.5,7.0,.503,0.6,1.7,.367,20,3.3,0.5,2.1,.512,.476,4.2,8.7,.800,1.9,2.4,82,73,26.5,Shai Gilgeous-Alexander,0.7,2.1,10.8,PG,2018-19,1.2,LAC,2.8,1.7
231,4.1,7.9,.518,2.0,5.0,.411,31,9.2,0.1,4.3,.555,.476,6.1,12.9,.892,3.8,4.3,61,61,31.5,Chris Paul,0.7,2.4,18.1,PG,2016-17,2.0,LAC,5.0,2.4
232,3.8,7.2,.532,2.5,6.5,.380,32,7.9,0.2,4.8,.550,.460,6.3,13.8,.919,3.5,3.8,58,58,31.8,Chris Paul,0.6,2.4,18.6,PG,2017-18,1.7,HOU,5.4,2.2
233,3.0,6.3,.479,2.2,6.1,.358,33,8.2,0.3,3.9,.508,.419,5.2,12.4,.862,3.0,3.5,58,58,32.0,Chris Paul,0.6,2.5,15.6,PG,2018-19,2.0,HOU,4.6,2.6
234,1.4,2.8,.504,0.1,0.5,.167,20,0.3,0.2,1.2,.467,.455,1.5,3.2,.610,0.7,1.2,51,3,10.3,Hamidou Diallo,0.7,1.5,3.7,SG,2018-19,0.4,OKC,1.9,0.5
235,0.8,1.7,.455,0.3,0.8,.296,25,0.3,0.3,0.8,.451,.402,1.0,2.6,.667,0.3,0.4,32,0,7.5,Deonte Burton,0.1,1.0,2.6,SG,2018-19,0.2,OKC,0.9,0.3
236,0.0,0.0,,0.0,0.7,.000,23,0.0,0.0,0.0,.000,.000,0.0,0.7,,0.0,0.0,3,0,0.7,Donte Grantham,0.0,0.0,0.0,SF,2018-19,0.0,OKC,0.0,0.0
237,3.6,6.0,.597,0.0,0.0,0,22,1.0,1.0,3.9,.595,.595,3.6,6.1,.694,1.5,2.2,51,19,20.5,Nerlens Noel,1.8,2.5,8.7,C,2016-17,1.3,traded,5.8,1.0
238,1.8,3.5,.529,0.0,0.0,0,23,0.7,0.7,4.0,.524,.524,1.8,3.5,.750,0.7,0.9,30,6,15.7,Nerlens Noel,1.6,2.0,4.4,C,2017-18,1.0,DAL,5.6,0.9
239,2.1,3.6,.587,0.0,0.0,0,24,0.6,1.2,2.6,.587,.587,2.1,3.6,.684,0.7,1.0,77,2,13.7,Nerlens Noel,1.6,2.2,4.9,C,2018-19,0.9,OKC,4.2,0.6
240,1.8,3.2,.546,0.7,1.6,.418,25,1.4,0.6,2.3,.573,.504,2.4,4.8,.766,0.7,0.9,70,3,17.7,Mike Muscala,1.1,1.4,6.2,C,2016-17,0.4,ATL,3.4,0.8
241,1.5,2.7,.559,1.2,3.2,.371,26,1.0,0.5,3.3,.558,.458,2.7,5.9,.919,1.1,1.2,53,7,20.0,Mike Muscala,1.1,1.5,7.6,C,2017-18,0.6,ATL,4.3,0.8
242,0.9,1.6,.533,1.4,4.0,.348,27,1.2,0.6,2.9,.525,.402,2.3,5.6,.824,1.1,1.3,64,10,20.4,Mike Muscala,0.9,2.0,7.0,PF,2018-19,0.3,traded,3.8,0.8
243,1.3,3.1,.412,1.2,3.5,.347,29,2.7,0.0,1.3,.469,.377,2.5,6.6,.814,1.7,2.1,78,20,19.7,D.J. Augustin,0.2,1.3,7.9,PG,2016-17,0.4,ORL,1.5,1.2
244,1.7,3.6,.485,1.5,3.6,.419,30,3.8,0.0,1.7,.557,.452,3.3,7.2,.868,2.2,2.5,75,36,23.5,D.J. Augustin,0.4,1.3,10.2,PG,2017-18,0.7,ORL,2.1,1.6
245,2.3,4.5,.511,1.6,3.8,.421,31,5.3,0.0,2.0,.566,.470,3.9,8.4,.866,2.2,2.6,81,81,28.0,D.J. Augustin,0.5,1.4,11.7,PG,2018-19,0.6,ORL,2.5,1.6
246,4.1,8.4,.491,1.9,5.3,.356,24,3.0,0.1,2.4,.508,.439,6.0,13.7,.805,3.3,4.1,68,66,32.9,Evan Fournier,0.6,2.6,17.2,SG,2016-17,1.0,ORL,3.1,2.1
247,4.2,8.2,.516,2.2,5.9,.379,25,2.9,0.3,2.8,.538,.459,6.5,14.1,.867,2.6,3.0,57,57,32.2,Evan Fournier,0.4,2.4,17.8,SF,2017-18,0.8,ORL,3.2,1.7
248,3.9,7.6,.509,1.9,5.6,.340,26,3.6,0.1,2.7,.509,.438,5.8,13.2,.806,1.7,2.1,81,81,31.5,Evan Fournier,0.5,2.8,15.1,SG,2018-19,0.9,ORL,3.2,1.9
249,1.4,3.7,.394,0.6,1.7,.348,20,0.7,1.1,3.1,.434,.379,2.0,5.4,.760,0.7,0.9,27,10,19.9,Jonathan Isaac,0.6,1.8,5.4,PF,2017-18,1.2,ORL,3.7,1.0
250,2.3,4.6,.510,1.1,3.5,.323,21,1.1,1.3,4.2,.499,.429,3.5,8.1,.815,1.5,1.8,75,64,26.6,Jonathan Isaac,1.3,1.9,9.6,PF,2018-19,0.8,ORL,5.5,1.0
251,3.2,7.9,.409,0.0,0.1,.000,19,3.8,0.3,2.3,.405,.405,3.2,7.9,.476,0.7,1.5,14,0,18.1,Markelle Fultz,0.8,1.6,7.1,SG,2017-18,0.9,PHI,3.1,1.2
252,3.2,7.4,.433,0.2,0.7,.286,20,3.1,0.3,2.3,.432,.419,3.4,8.2,.568,1.1,1.9,19,15,22.5,Markelle Fultz,1.4,2.7,8.2,SG,2018-19,0.9,PHI,3.7,1.3
253,1.4,2.8,.488,0.1,0.7,.196,23,0.9,0.2,1.6,.447,.427,1.5,3.5,.723,0.5,0.8,62,12,16.5,Wesley Iwundu,0.6,1.3,3.7,SF,2017-18,0.5,ORL,2.2,0.5
254,1.2,2.9,.431,0.4,1.2,.367,24,1.1,0.3,2.2,.465,.412,1.7,4.0,.816,1.2,1.5,68,13,18.1,Wesley Iwundu,0.5,1.8,5.0,SF,2018-19,0.4,ORL,2.7,0.6
255,2.0,3.7,.555,0.4,1.5,.300,20,0.8,1.4,3.6,.525,.481,2.5,5.2,.587,0.8,1.3,47,1,16.3,Mohamed Bamba,1.4,2.2,6.2,C,2018-19,0.3,ORL,5.0,0.9
256,4.0,7.5,.528,1.0,3.3,.288,21,1.9,0.5,3.6,.499,.454,4.9,10.8,.719,2.0,2.7,80,72,28.7,Aaron Gordon,1.5,2.2,12.7,SF,2016-17,0.8,ORL,5.1,1.1
257,4.5,9.0,.497,2.0,5.9,.336,22,2.3,0.8,6.4,.500,.434,6.5,14.9,.698,2.7,3.9,58,57,32.9,Aaron Gordon,1.5,1.9,17.6,PF,2017-18,1.0,ORL,7.9,1.8
258,4.5,9.0,.499,1.6,4.4,.349,23,3.7,0.7,5.7,.507,.449,6.0,13.4,.731,2.4,3.2,78,78,33.8,Aaron Gordon,1.7,2.2,16.0,PF,2018-19,0.7,ORL,7.4,2.1
259,0.7,1.5,.467,0.0,0.6,.000,22,0.1,0.0,0.2,.333,.333,0.7,2.1,.250,0.1,0.4,10,0,4.4,Melvin Frazier,0.3,0.6,1.5,SG,2018-19,0.1,ORL,0.5,0.1
260,1.9,4.2,.445,1.1,3.5,.330,26,1.6,0.7,6.1,.468,.393,3.0,7.6,.706,1.6,2.2,61,25,29.1,Al-Farouq Aminu,1.3,1.7,8.7,PF,2016-17,1.0,POR,7.4,1.5
261,1.5,3.5,.432,1.8,4.9,.369,27,1.2,0.6,6.2,.503,.395,3.3,8.4,.738,0.9,1.2,69,67,30.0,Al-Farouq Aminu,1.4,2.0,9.3,PF,2017-18,1.1,POR,7.6,1.1
262,2.0,3.9,.514,1.2,3.5,.343,28,1.3,0.4,6.1,.514,.433,3.2,7.3,.867,1.9,2.1,81,81,28.3,Al-Farouq Aminu,1.4,1.8,9.4,PF,2018-19,0.8,POR,7.5,0.9
263,6.1,12.7,.481,0.3,1.0,.307,26,2.8,1.0,8.0,.480,.468,6.4,13.7,.669,1.4,2.1,75,55,28.8,Nikola Vučević,2.3,2.4,14.6,C,2016-17,1.0,ORL,10.4,1.6
264,5.9,11.2,.527,1.1,3.6,.314,27,3.4,1.1,7.4,.513,.475,7.0,14.7,.819,1.4,1.6,57,57,29.5,Nikola Vučević,1.8,2.5,16.5,C,2017-18,1.0,ORL,9.2,1.9
265,7.7,14.0,.549,1.1,2.9,.364,28,3.8,1.1,9.2,.549,.518,8.8,16.9,.789,2.2,2.8,80,80,31.4,Nikola Vučević,2.8,2.0,20.8,C,2018-19,1.0,ORL,12.0,2.0
266,2.4,4.6,.518,1.8,5.0,.363,25,1.1,0.4,2.4,.532,.437,4.2,9.6,.831,0.8,1.0,78,24,25.1,Terrence Ross,0.2,1.8,11.0,SF,2016-17,1.1,traded,2.6,0.9
267,1.9,4.1,.469,1.3,3.9,.323,26,1.6,0.5,2.6,.476,.398,3.2,8.0,.750,1.1,1.5,24,20,25.0,Terrence Ross,0.4,1.9,8.7,SG,2017-18,1.1,ORL,3.0,1.2
268,2.8,5.7,.484,2.7,7.0,.383,27,1.7,0.4,3.1,.534,.428,5.4,12.7,.875,1.6,1.8,81,0,26.5,Terrence Ross,0.3,1.5,15.1,SG,2018-19,0.9,ORL,3.5,1.1
269,2.2,5.4,.401,0.3,1.4,.234,25,2.5,0.5,2.9,.391,.366,2.5,6.8,.753,1.3,1.7,45,19,18.8,Michael Carter-Williams,0.5,2.3,6.6,PG,2016-17,0.8,CHI,3.4,1.5
270,1.2,3.3,.365,0.3,1.1,.237,26,2.2,0.4,1.9,.362,.332,1.5,4.4,.820,1.4,1.7,52,2,16.1,Michael Carter-Williams,0.7,1.9,4.6,PG,2017-18,0.8,CHO,2.7,1.0
271,1.3,3.0,.424,0.4,1.4,.263,27,2.5,0.5,1.8,.415,.374,1.6,4.4,.604,1.1,1.9,28,1,13.3,Michael Carter-Williams,0.7,1.7,4.8,PG,2018-19,0.7,traded,2.5,0.7
272,1.6,3.0,.540,0.0,0.0,0,25,0.8,0.5,2.6,.540,.540,1.6,3.0,.689,1.0,1.5,42,0,13.8,Khem Birch,1.7,1.3,4.2,C,2017-18,0.4,ORL,4.3,0.5
273,1.8,3.0,.607,0.0,0.0,0,26,0.8,0.6,2.2,.603,.603,1.8,3.0,.699,1.2,1.7,50,1,12.9,Khem Birch,1.6,1.4,4.8,C,2018-19,0.4,ORL,3.8,0.4
274,6.7,12.2,.551,0.0,0.1,.000,21,8.2,0.9,6.3,.545,.545,6.7,12.3,.560,2.4,4.2,81,81,33.7,Ben Simmons,1.8,2.6,15.8,PG,2017-18,1.7,PHI,8.1,3.4
275,6.8,12.1,.566,0.0,0.1,.000,22,7.7,0.8,6.6,.563,.563,6.8,12.2,.600,3.3,5.4,79,79,34.2,Ben Simmons,2.2,2.6,16.9,PG,2018-19,1.4,PHI,8.8,3.5
276,2.4,5.4,.444,1.4,4.3,.330,23,2.6,0.7,2.5,.467,.394,3.8,9.7,.779,1.1,1.5,53,34,30.5,Josh Richardson,0.7,2.5,10.2,SG,2016-17,1.1,MIA,3.2,1.2
277,3.4,6.8,.495,1.6,4.1,.378,24,2.9,0.9,2.7,.523,.451,4.9,10.9,.845,1.5,1.8,81,81,33.2,Josh Richardson,0.9,2.5,12.9,SF,2017-18,1.5,MIA,3.5,1.7
278,3.5,7.8,.458,2.2,6.3,.357,25,4.1,0.5,2.9,.492,.412,5.8,14.1,.861,2.7,3.2,73,73,34.8,Josh Richardson,0.7,2.7,16.6,SG,2018-19,1.1,MIA,3.6,1.5
279,5.3,10.7,.495,1.2,3.2,.367,22,2.1,2.5,5.9,.508,.466,6.5,13.8,.783,6.2,7.9,31,31,25.4,Joel Embiid,2.0,3.6,20.2,C,2016-17,0.9,PHI,7.8,3.8
280,7.0,13.4,.527,1.0,3.4,.308,23,3.2,1.8,8.7,.514,.483,8.1,16.8,.769,5.7,7.4,63,63,30.3,Joel Embiid,2.3,3.3,22.9,C,2017-18,0.6,PHI,11.0,3.7
281,7.8,14.6,.535,1.2,4.1,.300,24,3.7,1.9,11.1,.517,.484,9.1,18.7,.804,8.2,10.1,64,64,33.7,Joel Embiid,2.5,3.3,27.5,C,2018-19,0.7,PHI,13.6,3.5
282,1.3,3.0,.444,1.0,2.7,.375,19,1.7,0.3,1.7,.500,.412,2.3,5.7,.750,1.0,1.3,6,2,18.5,Zhaire Smith,0.5,1.3,6.7,SG,2018-19,0.3,PHI,2.2,1.0
283,1.0,1.5,.697,0.8,2.2,.354,23,0.9,0.9,2.7,.599,.494,1.8,3.7,.481,0.3,0.6,44,10,14.5,Jonah Bolden,1.1,2.3,4.7,PF,2018-19,0.4,PHI,3.8,0.8
284,1.0,2.2,.465,0.7,2.2,.318,22,0.9,0.4,1.3,.471,.391,1.7,4.4,.714,0.3,0.4,20,0,13.4,Shake Milton,0.5,1.5,4.4,SG,2018-19,0.4,PHI,1.8,0.3
285,4.3,8.2,.524,1.3,3.6,.355,30,5.0,1.3,5.4,.527,.473,5.6,11.8,.800,1.6,2.0,68,68,32.3,Al Horford,1.4,2.0,14.0,C,2016-17,0.8,BOS,6.8,1.7
286,3.8,7.3,.514,1.3,3.1,.429,31,4.7,1.1,5.9,.553,.489,5.1,10.5,.783,1.3,1.7,72,72,31.6,Al Horford,1.4,1.9,12.9,C,2017-18,0.6,BOS,7.4,1.8
287,4.6,7.6,.604,1.1,3.0,.360,32,4.2,1.3,5.0,.586,.535,5.7,10.6,.821,1.1,1.4,68,68,29.0,Al Horford,1.8,1.9,13.6,C,2018-19,0.9,BOS,6.7,1.5
288,4.9,9.1,.537,1.3,3.8,.347,24,1.7,0.5,4.3,.532,.481,6.2,13.0,.841,2.3,2.8,82,48,31.3,Tobias Harris,0.8,1.6,16.1,PF,2016-17,0.7,DET,5.1,1.2
289,4.7,9.7,.488,2.3,5.6,.411,25,2.4,0.4,4.7,.535,.460,7.0,15.3,.829,2.2,2.7,80,80,33.4,Tobias Harris,0.7,2.1,18.6,PF,2017-18,0.9,traded,5.5,1.3
290,5.5,10.5,.528,1.9,4.8,.397,26,2.8,0.5,7.0,.549,.487,7.5,15.3,.866,3.2,3.7,82,82,34.7,Tobias Harris,0.8,2.2,20.0,PF,2018-19,0.6,traded,7.9,1.8
291,0.7,1.8,.406,0.2,1.5,.148,28,0.9,0.2,1.5,.322,.288,0.9,3.3,.875,0.4,0.4,18,0,10.8,Mike Scott,0.6,0.7,2.5,PF,2016-17,0.2,ATL,2.1,0.4
292,2.8,4.8,.582,0.9,2.1,.405,29,1.1,0.1,2.6,.590,.527,3.6,6.9,.658,0.7,1.0,76,1,18.5,Mike Scott,0.7,1.9,8.8,PF,2017-18,0.3,WAS,3.3,1.0
293,0.8,2.1,.399,1.3,3.2,.401,30,0.8,0.2,2.9,.520,.400,2.1,5.3,.667,0.3,0.4,79,3,17.7,Mike Scott,0.5,2.0,5.8,PF,2018-19,0.3,traded,3.5,0.6
294,2.7,5.0,.538,0.0,0.2,.118,26,1.5,1.3,3.6,.523,.521,2.7,5.2,.771,0.8,1.1,79,8,15.6,Kyle O'Quinn,2.0,2.2,6.3,C,2016-17,0.5,NYK,5.6,1.0
295,2.9,4.8,.599,0.1,0.2,.235,27,2.1,1.3,4.5,.589,.583,2.9,5.0,.772,1.3,1.6,77,10,18.0,Kyle O'Quinn,1.6,2.5,7.1,C,2017-18,0.5,NYK,6.1,1.3
296,1.5,2.8,.548,0.0,0.3,.083,28,1.2,0.6,2.0,.511,.507,1.5,3.0,.810,0.4,0.5,45,3,8.2,Kyle O'Quinn,0.6,1.5,3.5,C,2018-19,0.2,IND,2.6,0.7
297,1.5,2.9,.516,0.8,2.1,.372,26,1.0,0.3,3.0,.534,.455,2.3,5.0,.782,1.3,1.7,64,28,23.5,James Ennis,1.1,2.6,6.7,SF,2016-17,0.7,MEM,4.0,0.9
298,1.8,3.2,.567,0.7,2.1,.333,27,1.0,0.3,2.1,.540,.474,2.5,5.3,.836,1.3,1.6,72,22,22.3,James Ennis,1.0,1.9,7.1,SF,2017-18,0.7,traded,3.1,0.8
299,1.4,2.4,.601,0.9,2.7,.353,28,0.7,0.4,2.1,.563,.469,2.4,5.1,.716,1.0,1.4,58,27,21.2,James Ennis,1.0,2.6,6.7,SF,2018-19,0.7,traded,3.1,0.6
300,0.8,1.5,.517,0.3,0.8,.323,24,0.9,0.1,0.7,.505,.451,1.0,2.3,.889,0.2,0.2,40,0,8.7,Raul Neto,0.1,1.2,2.5,PG,2016-17,0.5,UTA,0.8,0.4
301,1.2,2.5,.481,0.5,1.1,.404,25,1.8,0.1,1.0,.520,.457,1.7,3.7,.743,0.6,0.9,41,0,12.1,Raul Neto,0.2,0.9,4.5,PG,2017-18,0.3,UTA,1.2,0.9
302,1.5,2.7,.535,0.5,1.6,.333,26,2.5,0.1,1.5,.522,.460,2.0,4.4,.848,0.8,0.9,37,1,12.8,Raul Neto,0.2,1.3,5.3,PG,2018-19,0.4,UTA,1.7,0.9
303,3.6,7.9,.460,1.3,3.4,.372,24,3.2,0.6,3.3,.490,.433,4.9,11.3,.768,2.7,3.5,73,0,29.8,Tyler Johnson,0.7,2.4,13.7,PG,2016-17,1.2,MIA,4.0,1.2
304,2.6,5.4,.491,1.7,4.5,.367,25,2.3,0.5,3.0,.518,.435,4.3,9.9,.822,1.5,1.8,72,39,28.5,Tyler Johnson,0.5,2.1,11.7,PG,2017-18,0.8,MIA,3.4,1.1
305,2.2,4.7,.477,1.6,4.6,.346,26,2.9,0.5,2.4,.498,.413,3.8,9.2,.748,1.7,2.2,57,22,26.8,Tyler Johnson,0.6,1.7,10.9,PG,2018-19,0.9,traded,3.0,1.4
306,3.4,7.2,.469,1.3,4.2,.311,22,2.2,0.4,5.0,.468,.411,4.7,11.4,.782,2.1,2.7,81,36,26.3,Dario Šarić,1.4,2.0,12.8,PF,2016-17,0.7,PHI,6.3,2.3
307,3.2,6.3,.501,2.0,5.1,.393,23,2.6,0.3,4.7,.541,.453,5.2,11.4,.860,2.3,2.7,78,73,29.6,Dario Šarić,2.0,2.1,14.6,PF,2017-18,0.7,PHI,6.7,1.9
308,2.3,4.6,.499,1.5,4.0,.365,24,1.6,0.1,4.1,.522,.437,3.8,8.6,.880,1.6,1.9,81,41,25.0,Dario Šarić,1.6,2.2,10.6,PF,2018-19,0.6,traded,5.6,1.2
309,7.2,12.2,.588,0.0,0.1,.000,20,1.8,0.9,7.1,.585,.585,7.2,12.3,.746,2.0,2.7,71,70,30.7,Deandre Ayton,3.1,2.9,16.3,C,2018-19,0.9,PHO,10.3,1.8
310,1.7,3.0,.548,1.3,3.8,.335,22,2.1,0.5,2.5,.523,.430,3.0,6.9,.805,1.2,1.4,82,56,29.5,Mikal Bridges,0.7,2.5,8.3,SF,2018-19,1.6,PHO,3.2,0.9
311,1.9,3.7,.513,0.0,0.0,0,30,0.4,0.5,3.0,.513,.513,1.9,3.7,.840,1.1,1.3,75,2,15.5,Aron Baynes,1.5,2.2,4.9,C,2016-17,0.2,DET,4.4,0.7
312,2.6,5.2,.487,0.0,0.3,.143,31,1.1,0.6,3.8,.474,.471,2.6,5.5,.756,0.7,1.0,81,67,18.3,Aron Baynes,1.6,2.5,6.0,C,2017-18,0.3,BOS,5.4,1.0
313,1.6,3.2,.519,0.4,1.2,.344,32,1.1,0.7,3.0,.518,.471,2.1,4.4,.855,1.0,1.2,51,18,16.1,Aron Baynes,1.7,2.5,5.6,C,2018-19,0.2,BOS,4.7,0.8
314,1.4,3.0,.475,0.7,2.5,.295,21,2.4,0.1,1.6,.460,.393,2.2,5.5,.787,0.7,0.9,53,16,18.1,Élie Okobo,0.2,2.1,5.7,PG,2018-19,0.6,PHO,1.8,1.3
315,5.9,13.2,.447,1.9,5.2,.363,20,3.4,0.3,2.6,.475,.423,7.8,18.3,.832,4.7,5.7,78,78,35.0,Devin Booker,0.6,3.1,22.1,SG,2016-17,0.9,PHO,3.2,3.1
316,5.7,12.4,.460,2.7,7.1,.383,21,4.7,0.3,4.0,.501,.432,8.4,19.5,.878,5.4,6.1,54,54,34.5,Devin Booker,0.5,3.1,24.9,SG,2017-18,0.9,PHO,4.5,3.6
317,7.0,13.1,.536,2.1,6.5,.326,22,6.8,0.2,3.5,.521,.467,9.2,19.6,.866,6.1,7.1,64,64,35.0,Devin Booker,0.6,3.1,26.6,SG,2018-19,0.9,PHO,4.1,4.1
318,0.6,2.1,.265,0.9,2.6,.333,23,1.8,0.3,1.3,.395,.303,1.4,4.7,.813,0.7,0.8,39,3,14.8,Jevon Carter,0.4,1.4,4.4,PG,2018-19,0.7,MEM,1.7,0.8
319,2.7,6.1,.443,0.8,2.6,.306,26,9.1,0.1,3.2,.448,.402,3.5,8.7,.891,3.4,3.8,75,75,32.9,Ricky Rubio,0.9,2.7,11.1,PG,2016-17,1.7,MIN,4.1,2.6
320,3.2,7.2,.451,1.2,3.5,.352,27,5.3,0.1,4.0,.476,.418,4.5,10.7,.866,2.9,3.3,77,77,29.3,Ricky Rubio,0.6,2.7,13.1,PG,2017-18,1.6,UTA,4.6,2.7
321,3.2,7.0,.454,1.2,3.7,.311,28,6.1,0.1,3.1,.458,.404,4.3,10.7,.855,2.9,3.4,68,67,27.9,Ricky Rubio,0.5,2.6,12.7,PG,2018-19,1.3,UTA,3.6,2.6
322,1.7,3.2,.520,0.7,2.4,.287,21,0.6,0.2,2.5,.482,.421,2.4,5.6,.758,0.9,1.3,79,5,20.3,Kelly Oubre Jr.,0.8,2.5,6.3,SF,2016-17,0.7,WAS,3.3,0.6
323,2.4,5.2,.456,1.6,4.6,.341,22,1.2,0.4,3.8,.482,.403,3.9,9.8,.820,2.4,2.9,81,11,27.5,Kelly Oubre Jr.,0.7,2.9,11.8,SF,2017-18,1.0,WAS,4.5,1.1
324,3.9,7.3,.530,1.6,4.9,.320,23,1.2,0.9,3.7,.510,.445,5.4,12.2,.775,2.7,3.5,69,19,28.0,Kelly Oubre Jr.,1.0,2.6,15.2,SF,2018-19,1.2,traded,4.7,1.5
325,2.7,6.0,.455,1.5,4.7,.328,23,2.2,0.5,3.7,.471,.399,4.3,10.7,.756,1.6,2.1,75,16,26.1,Frank Kaminsky,0.8,1.9,11.7,C,2016-17,0.6,CHO,4.5,1.0
326,2.6,5.6,.459,1.3,3.5,.380,24,1.6,0.2,3.1,.501,.429,3.9,9.1,.799,2.0,2.5,79,4,23.2,Frank Kaminsky,0.6,1.2,11.1,PF,2017-18,0.5,CHO,3.6,0.8
327,1.9,3.4,.553,1.1,3.0,.360,25,1.3,0.3,2.6,.547,.463,2.9,6.3,.738,1.7,2.3,47,0,16.1,Frank Kaminsky,0.8,1.4,8.6,C,2018-19,0.3,CHO,3.5,0.9
328,6.0,12.1,.492,2.9,7.7,.370,26,5.9,0.3,4.3,.516,.444,8.8,19.8,.895,6.5,7.3,75,75,35.9,Damian Lillard,0.6,2.0,27.0,PG,2016-17,0.9,POR,4.9,2.6
329,5.4,10.8,.501,3.1,8.6,.361,27,6.6,0.4,3.6,.519,.439,8.5,19.4,.916,6.8,7.4,73,73,36.6,Damian Lillard,0.8,1.6,26.9,PG,2017-18,1.1,POR,4.5,2.8
330,5.6,11.1,.499,3.0,8.0,.369,28,6.9,0.4,3.8,.522,.444,8.5,19.2,.912,5.9,6.4,80,80,35.5,Damian Lillard,0.9,1.9,25.8,PG,2018-19,1.1,POR,4.6,2.7
331,6.3,12.5,.506,2.3,5.5,.421,25,3.6,0.5,2.9,.544,.480,8.7,18.0,.912,3.4,3.7,80,80,35.0,CJ McCollum,0.8,2.5,23.0,SG,2016-17,0.9,POR,3.6,2.2
332,5.9,12.7,.465,2.3,5.9,.397,26,3.4,0.4,3.3,.506,.443,8.2,18.6,.836,2.6,3.1,81,81,36.1,CJ McCollum,0.7,2.1,21.4,SG,2017-18,1.0,POR,4.0,1.9
333,5.8,11.4,.506,2.4,6.4,.375,27,3.0,0.4,3.1,.527,.459,8.2,17.8,.828,2.3,2.7,70,70,33.9,CJ McCollum,0.9,2.5,21.0,SG,2018-19,0.8,POR,4.0,1.5
334,2.8,6.2,.446,1.3,3.6,.346,27,2.4,0.7,2.5,.473,.409,4.0,9.9,.708,1.6,2.3,73,64,26.9,Kent Bazemore,0.6,2.3,11.0,SF,2016-17,1.2,ATL,3.2,1.7
335,2.7,6.2,.438,1.7,4.2,.394,28,3.5,0.7,3.4,.500,.420,4.4,10.4,.796,2.5,3.1,65,65,27.5,Kent Bazemore,0.4,2.3,12.9,SG,2017-18,1.5,ATL,3.8,2.4
336,2.7,5.8,.465,1.4,4.5,.320,29,2.3,0.6,3.3,.472,.402,4.1,10.3,.726,1.9,2.6,67,35,24.5,Kent Bazemore,0.6,2.5,11.6,SG,2018-19,1.3,ATL,3.9,1.8
337,7.0,12.6,.557,0.0,0.0,0,27,0.7,2.1,10.3,.557,.557,7.0,12.6,.628,2.9,4.6,77,77,32.6,Hassan Whiteside,3.8,2.9,17.0,C,2016-17,0.7,MIA,14.1,2.0
338,5.7,10.7,.538,0.0,0.0,0,28,1.0,1.7,8.2,.542,.540,5.8,10.7,.703,2.4,3.4,54,54,25.3,Hassan Whiteside,3.2,2.4,14.0,C,2017-18,0.7,MIA,11.4,1.7
339,5.4,9.2,.581,0.0,0.2,.125,29,0.8,1.9,7.8,.572,.571,5.4,9.4,.449,1.5,3.4,72,53,23.3,Hassan Whiteside,3.6,2.7,12.3,C,2018-19,0.6,MIA,11.3,1.3
340,3.5,6.4,.543,0.1,0.2,.375,20,0.8,0.4,3.4,.544,.537,3.5,6.6,.703,1.6,2.2,33,12,18.5,Skal Labissière,1.5,1.9,8.8,PF,2016-17,0.5,SAC,4.9,1.1
341,3.1,6.8,.459,0.3,0.9,.353,21,1.2,0.8,3.2,.467,.448,3.4,7.6,.805,1.6,2.0,60,28,20.7,Skal Labissière,1.7,2.2,8.7,PF,2017-18,0.4,SAC,4.8,1.2
342,0.9,1.6,.556,0.3,0.6,.462,22,0.5,0.3,1.5,.592,.531,1.2,2.2,.529,0.4,0.8,22,1,8.0,Skal Labissière,0.4,1.3,3.0,PF,2018-19,0.2,traded,2.0,0.5
343,1.2,2.7,.455,0.5,1.7,.310,20,0.8,0.5,2.7,.458,.398,1.7,4.4,.643,0.4,0.6,66,1,15.8,Zach Collins,0.7,2.0,4.4,C,2017-18,0.3,POR,3.3,0.9
344,1.9,3.6,.534,0.5,1.6,.331,21,0.9,0.9,2.8,.523,.473,2.5,5.2,.746,1.2,1.6,77,0,17.6,Zach Collins,1.4,2.3,6.6,C,2018-19,0.3,POR,4.2,1.0
345,0.9,1.7,.529,0.5,1.5,.345,19,0.7,0.0,0.5,.524,.444,1.4,3.2,.563,0.5,0.8,20,1,7.1,Anfernee Simons,0.2,0.5,3.8,SG,2018-19,0.1,POR,0.7,0.6
346,4.2,8.2,.508,0.0,0.0,0,22,1.9,1.1,4.8,.507,.507,4.2,8.2,.571,1.8,3.2,65,48,21.4,Jusuf Nurkić,2.4,2.5,10.2,C,2016-17,0.8,traded,7.2,2.2
347,6.1,11.9,.508,0.0,0.1,.000,23,1.8,1.4,6.6,.505,.505,6.1,12.0,.630,2.2,3.5,79,79,26.4,Jusuf Nurkić,2.4,3.1,14.3,C,2017-18,0.8,POR,9.0,2.3
348,5.8,11.1,.523,0.0,0.4,.103,24,3.2,1.4,7.0,.510,.508,5.8,11.5,.773,3.9,5.1,72,72,27.4,Jusuf Nurkić,3.4,3.5,15.6,C,2018-19,1.0,POR,10.4,2.3
349,0.7,1.9,.379,0.3,1.4,.238,20,0.3,0.1,0.7,.370,.320,1.1,3.3,.429,0.2,0.5,15,1,7.4,Gary Trent Jr.,0.1,0.3,2.7,SG,2018-19,0.1,POR,0.7,0.3
350,1.0,1.9,.537,1.4,3.5,.391,31,1.2,0.3,2.9,.570,.442,2.4,5.4,.744,0.9,1.3,65,9,22.7,Anthony Tolliver,0.8,1.7,7.1,PF,2016-17,0.5,SAC,3.6,0.9
351,0.8,1.4,.561,2.0,4.6,.436,32,1.1,0.3,2.4,.632,.464,2.8,6.0,.797,1.3,1.7,79,14,22.2,Anthony Tolliver,0.6,1.8,8.9,PF,2017-18,0.4,DET,3.1,0.7
352,0.3,0.7,.409,1.2,3.3,.377,33,0.7,0.3,2.5,.539,.382,1.5,4.0,.783,0.7,0.9,65,0,16.6,Anthony Tolliver,0.2,1.4,5.0,PF,2018-19,0.3,MIN,2.7,0.6
353,1.1,2.9,.398,0.7,2.2,.299,21,1.0,0.2,1.9,.420,.355,1.8,5.1,.800,0.6,0.8,65,2,14.8,Mario Hezonja,0.3,1.1,4.9,SF,2016-17,0.5,ORL,2.2,0.9
354,2.4,4.7,.523,1.2,3.6,.337,22,1.4,0.4,3.2,.515,.442,3.6,8.2,.819,1.1,1.4,75,30,22.1,Mario Hezonja,0.5,1.8,9.6,SF,2017-18,1.1,ORL,3.7,1.1
355,2.6,5.4,.478,0.7,2.6,.276,23,1.5,0.1,3.6,.457,.412,3.3,8.0,.763,1.5,2.0,58,24,20.8,Mario Hezonja,0.5,1.9,8.8,SF,2018-19,1.0,NYK,4.1,1.5
356,2.7,6.1,.440,1.9,5.2,.371,24,1.6,0.2,3.2,.494,.408,4.6,11.3,.783,1.5,1.9,59,55,27.0,Rodney Hood,0.3,2.2,12.7,SG,2016-17,0.6,UTA,3.4,1.1
357,3.3,7.0,.467,2.1,5.6,.381,25,1.6,0.2,2.4,.513,.429,5.4,12.5,.860,1.9,2.2,60,23,26.9,Rodney Hood,0.4,1.8,14.7,SG,2017-18,0.8,traded,2.8,1.2
358,2.9,6.0,.478,1.2,3.3,.356,26,1.8,0.2,1.8,.498,.435,4.1,9.3,.884,1.9,2.2,72,49,26.3,Rodney Hood,0.3,2.0,11.2,SG,2018-19,0.8,traded,2.2,0.8
359,2.7,6.1,.440,1.9,5.2,.371,24,1.6,0.2,3.2,.494,.408,4.6,11.3,.783,1.5,1.9,59,55,27.0,Rodney Hood,0.3,2.2,12.7,SG,2016-17,0.6,UTA,3.4,1.1
360,3.3,7.0,.467,2.1,5.6,.381,25,1.6,0.2,2.4,.513,.429,5.4,12.5,.860,1.9,2.2,60,23,26.9,Rodney Hood,0.4,1.8,14.7,SG,2017-18,0.8,traded,2.8,1.2
361,2.9,6.0,.478,1.2,3.3,.356,26,1.8,0.2,1.8,.498,.435,4.1,9.3,.884,1.9,2.2,72,49,26.3,Rodney Hood,0.3,2.0,11.2,SG,2018-19,0.8,traded,2.2,0.8
362,2.2,4.7,.461,1.8,4.6,.391,24,1.5,0.1,2.9,.523,.426,4.0,9.4,.842,0.8,0.9,82,55,23.0,Buddy Hield,0.4,1.4,10.6,SG,2016-17,0.5,traded,3.3,1.2
363,3.0,6.6,.457,2.2,5.1,.431,25,1.9,0.3,3.2,.540,.446,5.2,11.7,.877,0.9,1.0,80,12,25.3,Buddy Hield,0.7,1.9,13.5,SG,2017-18,1.1,SAC,3.8,1.6
364,4.2,8.6,.487,3.4,7.9,.427,26,2.5,0.4,3.7,.560,.458,7.6,16.6,.886,2.1,2.4,82,82,31.9,Buddy Hield,1.3,2.5,20.7,SG,2018-19,0.7,SAC,5.0,1.8
365,0.9,1.9,.442,0.0,0.3,.125,20,0.5,0.1,1.4,.408,.400,0.9,2.2,.667,0.4,0.7,27,3,7.0,Caleb Swanigan,0.6,1.4,2.3,PF,2017-18,0.2,POR,2.0,0.7
366,0.8,2.2,.370,0.0,0.3,.143,21,0.5,0.0,2.2,.349,.340,0.9,2.5,.667,0.3,0.4,21,0,8.5,Caleb Swanigan,0.8,1.3,2.0,PF,2018-19,0.3,traded,3.0,0.9
367,3.0,5.9,.512,0.0,0.1,.000,20,1.5,0.4,2.7,.503,.503,3.0,6.0,.637,1.0,1.6,58,0,14.1,Harry Giles,1.1,2.6,7.0,PF,2018-19,0.5,SAC,3.8,1.3
368,3.8,8.8,.436,0.6,2.1,.307,20,4.4,0.3,2.3,.441,.412,4.5,10.9,.723,1.9,2.7,73,60,27.8,De'Aaron Fox,0.5,2.2,11.6,PG,2017-18,1.0,SAC,2.8,2.4
369,5.2,10.7,.482,1.1,2.9,.371,21,7.3,0.6,3.2,.497,.458,6.2,13.6,.727,3.7,5.1,81,81,31.4,De'Aaron Fox,0.5,2.5,17.3,PG,2018-19,1.6,SAC,3.8,2.8
370,2.8,5.7,.485,1.7,4.2,.392,25,3.3,0.2,2.5,.529,.446,4.4,9.9,.840,1.3,1.5,78,53,27.9,Bogdan Bogdanović,0.4,2.2,11.8,SG,2017-18,0.9,SAC,2.9,1.6
371,3.2,7.0,.462,1.9,5.3,.360,26,3.8,0.2,2.9,.496,.418,5.2,12.3,.827,1.9,2.3,70,17,27.8,Bogdan Bogdanović,0.6,2.0,14.1,SG,2018-19,1.0,SAC,3.5,1.7
372,5.3,9.8,.534,0.5,1.5,.313,19,1.0,1.0,5.0,.525,.504,5.7,11.4,.691,2.9,4.2,62,4,25.3,Marvin Bagley III,2.6,1.9,14.9,PF,2018-19,0.5,SAC,7.6,1.6
373,1.5,2.8,.531,0.9,2.7,.316,28,1.2,0.3,2.9,.503,.424,2.3,5.5,.738,0.7,0.9,65,1,18.3,Nemanja Bjelica,0.9,2.4,6.2,PF,2016-17,0.6,MIN,3.8,0.9
374,1.4,2.8,.505,1.1,2.7,.415,29,1.3,0.2,3.3,.563,.461,2.6,5.5,.800,0.5,0.7,67,21,20.5,Nemanja Bjelica,0.8,2.1,6.8,PF,2017-18,0.7,MIN,4.1,0.8
375,2.4,4.4,.539,1.3,3.3,.401,30,1.9,0.7,4.1,.566,.479,3.7,7.7,.761,0.9,1.2,77,70,23.2,Nemanja Bjelica,1.6,2.6,9.6,PF,2018-19,0.7,SAC,5.8,1.1
376,2.0,4.7,.422,1.5,3.8,.386,23,3.7,0.2,2.0,.492,.406,3.5,8.6,.831,1.6,1.9,46,29,26.0,Yogi Ferrell,0.4,2.0,10.0,PG,2016-17,0.9,traded,2.4,1.5
377,2.2,4.5,.477,1.6,4.4,.373,24,2.5,0.1,2.7,.518,.426,3.8,8.9,.796,1.0,1.3,82,21,27.8,Yogi Ferrell,0.3,1.9,10.2,SG,2017-18,0.8,DAL,3.0,1.0
378,1.4,2.9,.488,0.8,2.1,.362,25,1.9,0.1,1.4,.511,.435,2.2,5.0,.896,0.8,0.9,71,3,15.0,Yogi Ferrell,0.2,0.9,5.9,PG,2018-19,0.5,SAC,1.5,0.6
379,0.9,1.6,.545,0.4,1.0,.429,23,0.0,0.0,0.9,.583,.500,1.3,2.6,1.000,0.3,0.3,7,0,7.0,B.J. Johnson,0.3,0.6,3.3,SF,2018-19,0.3,traded,1.1,0.3
380,3.1,6.6,.477,0.6,1.7,.356,25,3.3,0.2,2.3,.489,.452,3.7,8.3,.770,1.2,1.5,80,22,25.0,Cory Joseph,0.6,1.8,9.3,PG,2016-17,0.8,TOR,2.9,1.4
381,2.3,5.0,.457,0.8,2.3,.353,26,3.2,0.2,2.7,.479,.424,3.1,7.4,.745,0.9,1.1,82,17,27.0,Cory Joseph,0.5,1.7,7.9,PG,2017-18,1.0,IND,3.2,1.1
382,2.1,4.6,.454,0.7,2.1,.322,27,3.9,0.3,2.9,.463,.412,2.8,6.7,.698,0.4,0.5,82,9,25.2,Cory Joseph,0.5,1.6,6.5,PG,2018-19,1.1,IND,3.4,1.0
383,1.7,3.0,.556,2.4,6.9,.344,31,2.2,0.3,5.1,.528,.409,4.1,10.0,.738,1.2,1.6,80,80,34.7,Trevor Ariza,0.7,1.7,11.7,SF,2016-17,1.8,HOU,5.7,0.9
384,1.5,2.8,.519,2.5,6.9,.368,32,1.6,0.2,3.9,.542,.412,4.0,9.7,.854,1.1,1.3,67,67,33.9,Trevor Ariza,0.5,2.0,11.7,SF,2017-18,1.5,HOU,4.4,0.8
385,2.2,4.4,.493,2.1,6.3,.334,33,3.7,0.3,4.7,.498,.399,4.3,10.7,.793,1.9,2.4,69,69,34.0,Trevor Ariza,0.7,1.9,12.5,SF,2018-19,1.3,traded,5.4,1.5
386,6.6,13.4,.492,1.0,2.8,.351,24,1.5,0.2,3.8,.498,.468,7.6,16.2,.861,3.1,3.6,79,79,35.5,Harrison Barnes,1.2,1.6,19.2,PF,2016-17,0.8,DAL,5.0,1.3
387,5.4,11.4,.478,1.5,4.3,.357,25,2.0,0.2,5.1,.494,.445,7.0,15.7,.827,3.4,4.1,77,77,34.2,Harrison Barnes,1.0,1.2,18.9,PF,2017-18,0.6,DAL,6.1,1.5
388,3.3,7.6,.439,2.3,5.7,.395,26,1.5,0.2,3.9,.504,.420,5.6,13.3,.824,3.0,3.6,77,77,32.9,Harrison Barnes,0.7,1.6,16.4,PF-SF,2018-19,0.6,traded,4.7,1.3
389,2.1,3.4,.622,0.0,0.0,0,27,0.6,0.8,4.8,.622,.622,2.1,3.4,.699,0.9,1.2,76,37,17.5,Dewayne Dedmon,1.7,2.4,5.1,C,2016-17,0.5,SAS,6.5,0.8
390,3.2,5.4,.595,0.8,2.3,.355,28,1.5,0.8,6.3,.577,.524,4.0,7.7,.779,1.1,1.4,62,46,24.9,Dewayne Dedmon,1.6,2.6,10.0,C,2017-18,0.6,ATL,7.9,1.4
391,2.8,4.8,.570,1.3,3.4,.382,29,1.4,1.1,5.9,.571,.492,4.0,8.2,.814,1.4,1.8,64,52,25.1,Dewayne Dedmon,1.6,3.3,10.8,C,2018-19,1.1,ATL,7.5,1.3
392,3.6,5.9,.606,0.5,1.4,.351,23,1.0,1.0,3.8,.591,.558,4.0,7.2,.699,1.3,1.8,57,17,20.9,Richaun Holmes,1.6,2.4,9.8,C,2016-17,0.7,PHI,5.5,1.0
393,2.7,4.4,.624,0.1,0.6,.129,24,1.3,0.6,3.2,.568,.560,2.8,5.0,.661,0.8,1.2,48,2,15.5,Richaun Holmes,1.2,2.0,6.5,C,2017-18,0.4,PHI,4.4,0.5
394,3.2,5.2,.608,0.0,0.0,0,25,0.9,1.1,3.1,.608,.608,3.2,5.2,.731,1.8,2.5,70,4,16.9,Richaun Holmes,1.6,2.8,8.2,C,2018-19,0.6,PHO,4.7,0.7
395,0.0,0.0,,0.0,0.0,0,21,0.0,0.0,0.0,,,0.0,0.0,,0.0,0.0,1,0,2.0,Tyler Lydon,0.0,0.0,0.0,PF,2017-18,0.0,DEN,0.0,0.0
396,0.2,0.3,.625,0.2,0.4,.400,22,0.2,0.0,0.4,.611,.500,0.4,0.7,.333,0.0,0.1,25,0,3.8,Tyler Lydon,0.3,0.4,0.9,PF,2018-19,0.1,DEN,0.7,0.2
397,1.1,2.4,.441,0.2,0.6,.391,20,1.3,0.2,0.9,.470,.431,1.3,3.1,.700,0.6,0.8,38,8,8.5,Dejounte Murray,0.2,0.8,3.4,PG,2016-17,0.2,SAS,1.1,1.0
398,3.2,7.1,.454,0.1,0.4,.265,21,2.9,0.4,4.3,.451,.443,3.3,7.5,.709,1.3,1.8,81,48,21.5,Dejounte Murray,1.4,1.9,8.1,PG,2017-18,1.2,SAS,5.7,1.7
399,9.3,19.2,.484,0.4,1.7,.266,27,3.9,0.2,4.3,.477,.467,9.7,20.9,.842,7.4,8.7,74,74,35.4,DeMar DeRozan,0.9,1.8,27.3,SG,2016-17,1.1,TOR,5.2,2.4
400,7.0,14.1,.494,1.1,3.6,.310,28,5.2,0.3,3.2,.488,.456,8.1,17.7,.825,5.8,7.0,80,80,33.9,DeMar DeRozan,0.7,1.9,23.0,SG,2017-18,1.1,TOR,3.9,2.2
401,8.1,16.5,.492,0.1,0.6,.156,29,6.2,0.5,5.3,.483,.481,8.2,17.1,.830,4.8,5.7,77,77,34.9,DeMar DeRozan,0.7,2.3,21.2,SG,2018-19,1.1,SAS,6.0,2.6
402,1.2,2.1,.583,0.0,0.0,0,21,0.2,0.4,1.6,.583,.583,1.2,2.1,.544,0.6,1.1,54,4,11.6,Jakob Pöltl,1.4,2.1,3.1,C,2016-17,0.3,TOR,3.1,0.5
403,3.1,4.7,.660,0.0,0.0,0,22,0.7,1.2,2.8,.660,.659,3.1,4.7,.594,0.7,1.2,82,0,18.6,Jakob Pöltl,2.0,2.6,6.9,C,2017-18,0.5,TOR,4.8,1.0
404,2.4,3.8,.645,0.0,0.0,0,23,1.2,0.9,3.0,.645,.645,2.4,3.8,.533,0.6,1.2,77,24,16.5,Jakob Pöltl,2.3,1.6,5.5,C,2018-19,0.4,SAS,5.3,0.6
405,0.5,1.2,.400,0.5,0.8,.615,23,0.5,0.2,1.2,.606,.485,0.9,1.9,.700,0.8,1.2,17,0,8.2,Derrick White,0.3,0.5,3.2,PG,2017-18,0.2,SAS,1.5,0.4
406,3.2,6.0,.529,0.7,2.1,.338,24,3.9,0.7,3.2,.523,.479,3.9,8.1,.772,1.4,1.8,67,55,25.8,Derrick White,0.5,2.2,9.9,PG,2018-19,1.0,SAS,3.7,1.4
407,1.6,3.3,.474,1.8,4.4,.414,28,3.5,0.0,1.5,.558,.440,3.4,7.8,.825,0.8,1.0,80,8,21.9,Patty Mills,0.3,1.4,9.5,PG,2016-17,0.8,SAS,1.8,1.3
408,1.5,3.3,.470,1.9,5.0,.372,29,2.8,0.1,1.6,.523,.411,3.4,8.3,.890,1.3,1.4,82,36,25.7,Patty Mills,0.3,1.6,10.0,PG,2017-18,0.7,SAS,1.9,1.3
409,1.5,3.2,.475,1.9,4.9,.394,30,3.0,0.1,1.9,.545,.425,3.4,8.1,.854,1.1,1.3,82,1,23.3,Patty Mills,0.3,1.6,9.9,PG,2018-19,0.6,SAS,2.2,1.1
410,6.6,13.8,.480,0.3,0.8,.411,31,1.9,1.2,4.9,.488,.477,6.9,14.6,.812,3.1,3.8,72,72,32.4,LaMarcus Aldridge,2.4,2.2,17.3,PF,2016-17,0.6,SAS,7.3,1.4
411,8.8,16.7,.526,0.4,1.2,.293,32,2.0,1.2,5.2,.520,.510,9.2,18.0,.837,4.5,5.3,75,75,33.5,LaMarcus Aldridge,3.3,2.1,23.1,C,2017-18,0.6,SAS,8.5,1.5
412,8.3,15.8,.528,0.1,0.5,.238,33,2.4,1.3,6.1,.522,.519,8.4,16.3,.847,4.3,5.1,81,81,33.2,LaMarcus Aldridge,3.1,2.2,21.3,C,2018-19,0.5,SAS,9.2,1.8
413,0.6,1.9,.333,0.3,0.8,.385,20,0.5,0.2,1.0,.402,.348,0.9,2.7,.800,0.5,0.6,17,0,6.9,Lonnie Walker,0.0,0.4,2.6,SG,2018-19,0.4,SAS,1.0,0.2
414,2.2,4.5,.488,1.4,3.8,.360,30,2.0,0.1,2.2,.512,.429,3.6,8.3,.893,2.0,2.3,74,0,24.0,Marco Belinelli,0.2,1.2,10.5,SG,2016-17,0.6,CHO,2.4,0.9
415,2.4,4.6,.509,1.9,4.9,.377,31,1.9,0.2,1.6,.539,.441,4.2,9.6,.908,1.9,2.0,80,2,24.3,Marco Belinelli,0.3,1.1,12.1,SG,2017-18,0.8,traded,1.9,1.2
416,1.7,3.7,.468,1.9,5.0,.372,32,1.7,0.1,2.3,.520,.413,3.6,8.7,.903,1.4,1.6,79,1,23.0,Marco Belinelli,0.2,1.5,10.5,SG,2018-19,0.4,SAS,2.5,0.9
417,0.5,1.3,.413,0.5,1.5,.321,23,0.6,0.0,0.6,.449,.364,1.0,2.8,.833,0.1,0.2,36,0,7.9,Bryn Forbes,0.1,0.6,2.6,SG,2016-17,0.0,SAS,0.6,0.3
418,1.5,3.4,.446,1.1,2.9,.390,24,1.0,0.0,1.2,.510,.421,2.6,6.2,.667,0.6,0.9,80,12,19.0,Bryn Forbes,0.2,1.4,6.9,SG,2017-18,0.4,SAS,1.4,0.5
419,2.3,4.6,.489,2.1,5.0,.426,25,2.1,0.0,2.7,.568,.456,4.4,9.6,.885,0.8,1.0,82,81,28.0,Bryn Forbes,0.2,1.9,11.8,SG,2018-19,0.5,SAS,2.9,1.0
420,0.7,1.9,.339,0.0,0.1,.000,21,0.4,0.1,0.9,.328,.328,0.7,2.0,.765,0.4,0.6,29,0,5.0,Chimezie Metu,0.3,0.5,1.8,PF,2018-19,0.2,SAS,1.2,0.5
421,0.7,1.1,.577,0.0,0.0,0,21,0.3,0.2,1.2,.577,.577,0.7,1.1,.846,0.5,0.6,23,0,4.9,Drew Eubanks,0.3,0.5,1.8,PF,2018-19,0.1,SAS,1.5,0.3
422,1.5,3.2,.483,1.5,4.4,.341,30,1.0,0.4,2.9,.499,.400,3.1,7.6,.761,1.2,1.6,72,72,26.1,DeMarre Carroll,0.9,2.0,8.9,SF,2016-17,1.1,TOR,3.8,0.8
423,2.5,5.4,.457,2.0,5.4,.371,31,2.0,0.4,5.1,.506,.414,4.5,10.8,.764,2.6,3.4,73,73,29.9,DeMarre Carroll,1.4,2.3,13.5,PF,2017-18,0.8,BRK,6.6,1.4
424,1.8,4.0,.457,1.6,4.6,.342,32,1.3,0.1,4.2,.487,.395,3.4,8.6,.760,2.7,3.6,67,8,25.4,DeMarre Carroll,1.0,1.7,11.1,PF,2018-19,0.5,BRK,5.2,1.1
425,5.3,11.0,.483,1.4,3.8,.372,30,2.8,0.9,5.2,.502,.455,6.7,14.7,.855,3.9,4.6,30,30,33.8,Rudy Gay,1.2,2.6,18.7,SF,2016-17,1.5,SAC,6.3,2.5
426,3.8,7.4,.516,0.6,2.1,.314,31,1.3,0.7,3.8,.506,.471,4.4,9.4,.772,2.0,2.5,57,6,21.6,Rudy Gay,1.3,1.7,11.5,PF,2017-18,0.8,SAS,5.1,1.4
427,4.4,8.1,.537,1.1,2.7,.402,32,2.6,0.5,5.9,.554,.504,5.4,10.8,.816,1.7,2.1,69,51,26.7,Rudy Gay,0.9,2.3,13.7,PF,2018-19,0.8,SAS,6.8,1.7
428,1.3,3.3,.400,0.9,2.9,.319,21,1.0,0.3,2.6,.436,.362,2.2,6.2,.722,0.8,1.1,71,4,16.3,Trey Lyles,0.7,1.4,6.2,PF,2016-17,0.4,UTA,3.3,0.9
429,2.6,4.5,.563,1.1,3.0,.381,22,1.2,0.5,4.0,.566,.491,3.7,7.5,.706,1.4,2.0,73,2,19.1,Trey Lyles,0.8,1.5,9.9,PF,2017-18,0.4,DEN,4.8,0.8
430,2.4,4.6,.529,0.8,3.1,.255,23,1.4,0.4,3.2,.470,.418,3.2,7.7,.698,1.3,1.8,64,2,17.5,Trey Lyles,0.7,1.5,8.5,PF,2018-19,0.5,DEN,3.8,1.1
431,5.8,12.1,.480,1.4,3.6,.388,32,4.6,1.3,5.5,.503,.459,7.2,15.7,.837,3.8,4.5,74,74,34.2,Marc Gasol,0.8,2.3,19.5,C,2016-17,0.9,MEM,6.3,2.2
432,4.5,9.8,.456,1.5,4.4,.341,33,4.2,1.4,7.0,.473,.420,5.9,14.2,.834,3.8,4.6,73,73,33.0,Marc Gasol,1.1,2.5,17.2,C,2017-18,0.7,MEM,8.1,2.7
433,3.7,7.6,.487,1.3,3.5,.363,34,4.4,1.1,6.9,.505,.448,4.9,11.0,.759,2.4,3.2,79,72,30.8,Marc Gasol,1.0,2.7,13.6,C,2018-19,1.1,traded,7.9,2.0
434,1.9,3.6,.515,0.0,0.1,.143,22,0.3,0.8,2.2,.505,.502,1.9,3.7,.688,0.4,0.6,55,38,15.6,Pascal Siakam,1.2,2.0,4.2,PF,2016-17,0.5,TOR,3.4,0.6
435,2.8,4.5,.612,0.4,1.6,.220,23,2.0,0.5,3.5,.537,.508,3.1,6.1,.621,0.7,1.1,81,5,20.7,Pascal Siakam,1.0,2.0,7.3,PF,2017-18,0.8,TOR,4.5,0.8
436,5.5,9.1,.602,1.0,2.7,.369,24,3.1,0.7,5.3,.591,.549,6.5,11.8,.785,3.0,3.8,80,79,31.9,Pascal Siakam,1.6,3.0,16.9,PF,2018-19,0.9,TOR,6.9,1.9
437,1.2,2.0,.604,1.0,2.7,.371,20,0.7,0.2,1.9,.577,.471,2.2,4.7,.629,0.5,0.8,74,62,20.0,OG Anunoby,0.6,1.8,5.9,SF,2017-18,0.7,TOR,2.5,0.6
438,1.7,3.0,.574,1.0,3.0,.332,21,0.7,0.3,2.1,.536,.453,2.7,6.0,.581,0.5,0.9,67,6,20.2,OG Anunoby,0.9,2.1,7.0,SF,2018-19,0.7,TOR,2.9,0.8
439,3.9,7.5,.518,3.2,7.8,.412,30,7.0,0.3,4.0,.569,.464,7.1,15.3,.819,5.0,6.1,60,60,37.4,Kyle Lowry,0.8,2.8,22.4,PG,2016-17,1.5,TOR,4.8,2.9
440,2.1,4.5,.474,3.1,7.6,.399,31,6.9,0.2,4.7,.553,.427,5.2,12.1,.854,2.9,3.3,78,78,32.2,Kyle Lowry,0.8,2.5,16.2,PG,2017-18,1.1,TOR,5.6,2.3
441,2.3,4.4,.514,2.4,7.0,.347,32,8.7,0.5,4.2,.518,.411,4.7,11.4,.830,2.5,3.0,65,65,34.0,Kyle Lowry,0.6,2.6,14.2,PG,2018-19,1.4,TOR,4.8,2.8
442,4.4,8.4,.522,1.6,4.0,.391,27,0.9,1.6,5.2,.543,.480,6.0,12.4,.856,1.4,1.6,79,79,30.7,Serge Ibaka,1.6,2.7,14.8,PF,2016-17,0.5,traded,6.8,1.3
443,3.6,6.4,.559,1.4,3.9,.360,28,0.8,1.3,5.3,.552,.483,5.0,10.3,.797,1.2,1.6,76,76,27.5,Serge Ibaka,1.0,2.8,12.6,PF,2017-18,0.4,TOR,6.3,1.2
444,5.6,9.6,.586,0.7,2.3,.290,29,1.3,1.4,6.0,.557,.529,6.3,11.9,.763,1.8,2.4,74,51,27.2,Serge Ibaka,2.1,2.9,15.0,C,2018-19,0.4,TOR,8.1,1.5
445,2.3,4.4,.514,0.7,2.3,.324,23,1.1,0.2,1.9,.504,.449,3.0,6.7,.792,1.7,2.1,76,18,18.0,Norman Powell,0.3,1.7,8.4,SG,2016-17,0.7,TOR,2.2,0.9
446,1.4,2.7,.516,0.8,2.7,.285,24,1.3,0.2,1.5,.472,.401,2.1,5.3,.821,0.5,0.6,70,18,15.2,Norman Powell,0.2,1.6,5.5,SG,2017-18,0.5,TOR,1.7,0.9
447,2.1,3.8,.543,1.1,2.8,.400,25,1.5,0.2,2.1,.568,.483,3.2,6.7,.827,1.0,1.3,60,3,18.8,Norman Powell,0.3,1.6,8.6,SG,2018-19,0.7,TOR,2.3,1.1
448,0.8,2.2,.341,0.3,0.8,.379,22,0.9,0.1,1.0,.401,.351,1.1,3.0,.818,0.5,0.6,37,0,7.9,Fred VanVleet,0.1,1.0,2.9,PG,2016-17,0.4,TOR,1.1,0.4
449,1.6,3.7,.437,1.4,3.4,.414,23,3.2,0.3,2.1,.525,.426,3.1,7.2,.832,1.1,1.3,76,0,20.0,Fred VanVleet,0.3,1.7,8.6,PG,2017-18,0.9,TOR,2.4,1.0
450,2.1,4.8,.441,1.8,4.6,.378,24,4.8,0.3,2.3,.503,.410,3.8,9.4,.843,1.5,1.8,64,28,27.5,Fred VanVleet,0.3,1.7,11.0,PG,2018-19,0.9,TOR,2.6,1.3
451,0.3,0.5,.714,0.5,1.4,.381,24,0.2,0.1,0.7,.607,.464,0.9,1.9,1.000,0.3,0.3,15,4,8.4,Malcolm Miller,0.3,0.7,2.5,SF,2017-18,0.1,TOR,1.0,0.3
452,0.1,0.5,.200,1.0,2.1,.476,25,0.1,0.1,0.4,.615,.423,1.1,2.6,.750,0.3,0.4,10,0,6.7,Malcolm Miller,0.1,0.5,3.5,SF,2018-19,0.1,TOR,0.5,0.1
453,0.0,0.0,,0.0,1.0,.000,25,0.0,0.0,1.0,.000,.000,0.0,1.0,,0.0,0.0,1,0,1.0,Chris Boucher,0.0,0.0,0.0,PF,2017-18,0.0,GSW,1.0,0.0
454,0.8,1.4,.564,0.4,1.3,.324,26,0.1,0.9,1.4,.526,.447,1.2,2.7,.867,0.5,0.5,28,0,5.8,Chris Boucher,0.6,1.1,3.3,PF,2018-19,0.2,TOR,2.0,0.3
455,0.3,0.8,.400,0.3,0.7,.500,25,0.5,0.0,0.7,.556,.444,0.7,1.5,.818,0.8,0.9,12,0,4.6,Jordan Loyd,0.1,0.4,2.4,PG,2018-19,0.0,TOR,0.8,0.2
456,0.9,1.7,.533,0.6,1.7,.333,21,1.1,0.2,1.1,.516,.433,1.5,3.5,.784,0.4,0.5,71,20,15.1,Patrick McCaw,0.3,0.9,4.0,SG,2016-17,0.5,GSW,1.4,0.5
457,1.3,2.5,.503,0.3,1.4,.238,22,1.4,0.2,1.2,.451,.409,1.6,3.9,.765,0.5,0.6,57,10,16.9,Patrick McCaw,0.3,1.2,4.0,SG,2017-18,0.8,GSW,1.4,0.7
458,0.6,1.2,.486,0.3,1.0,.321,23,1.0,0.1,1.4,.484,.413,0.9,2.2,.867,0.4,0.5,29,1,13.7,Patrick McCaw,0.2,1.3,2.6,SG,2018-19,0.8,traded,1.7,0.6
459,1.1,2.7,.398,0.6,2.0,.292,20,1.4,0.3,2.0,.415,.353,1.7,4.7,.679,0.5,0.7,77,1,17.8,Stanley Johnson,0.5,1.6,4.4,SF,2016-17,0.7,DET,2.5,0.9
460,2.1,4.7,.439,1.0,3.4,.286,21,1.6,0.2,3.2,.435,.375,3.0,8.1,.772,1.6,2.1,69,50,27.4,Stanley Johnson,0.5,2.4,8.7,SF,2017-18,1.4,DET,3.7,1.1
461,1.7,3.4,.484,0.9,3.3,.288,22,1.3,0.2,2.8,.459,.389,2.6,6.7,.781,0.8,1.0,66,7,18.3,Stanley Johnson,0.5,1.7,6.9,SF,2018-19,0.9,traded,3.3,1.2
462,2.8,6.1,.463,0.2,0.9,.224,22,2.0,0.6,4.6,.447,.434,3.0,6.9,.751,2.4,3.2,78,50,22.6,Rondae Hollis-Jefferson,1.2,2.3,8.7,SF,2016-17,1.1,BRK,5.8,1.5
463,4.8,9.9,.491,0.2,0.8,.241,23,2.5,0.7,5.3,.481,.472,5.0,10.6,.788,3.7,4.6,68,59,28.2,Rondae Hollis-Jefferson,1.5,2.1,13.9,SF,2017-18,1.0,BRK,6.8,1.8
464,3.2,7.4,.436,0.2,0.8,.184,24,1.6,0.5,3.8,.420,.411,3.4,8.3,.645,2.0,3.1,59,21,20.9,Rondae Hollis-Jefferson,1.4,1.8,8.9,SF,2018-19,0.7,BRK,5.3,1.2
465,5.1,7.7,.662,0.0,0.0,0,24,1.2,2.6,8.9,.661,.661,5.1,7.7,.653,3.8,5.9,81,81,33.9,Rudy Gobert,3.9,3.0,14.0,C,2016-17,0.6,UTA,12.8,1.8
466,4.9,7.9,.622,0.0,0.0,0,25,1.4,2.3,7.8,.622,.622,4.9,7.9,.682,3.6,5.3,56,56,32.4,Rudy Gobert,2.9,2.7,13.5,C,2017-18,0.8,UTA,10.7,1.9
467,5.9,8.8,.669,0.0,0.0,0,26,2.0,2.3,9.0,.669,.669,5.9,8.8,.636,4.1,6.4,81,80,31.8,Rudy Gobert,3.8,2.9,15.9,C,2018-19,0.8,UTA,12.9,1.6
468,4.2,8.6,.497,2.5,6.1,.408,29,6.3,0.3,3.0,.545,.460,6.7,14.6,.859,4.6,5.3,69,68,33.2,Mike Conley,0.4,1.8,20.5,PG,2016-17,1.3,MEM,3.5,2.3
469,3.3,7.6,.440,2.0,6.4,.312,30,4.1,0.3,2.3,.452,.381,5.3,14.0,.803,4.4,5.5,12,12,31.1,Mike Conley,0.0,2.0,17.1,PG,2017-18,1.0,MEM,2.3,1.5
470,4.8,9.9,.483,2.2,6.1,.364,31,6.4,0.3,2.8,.507,.438,7.0,16.0,.845,4.9,5.8,70,70,33.5,Mike Conley,0.6,1.8,21.1,PG,2018-19,1.3,MEM,3.4,1.9
471,5.2,10.3,.502,2.4,7.0,.340,21,3.7,0.3,3.1,.506,.437,7.5,17.2,.805,3.0,3.8,79,71,33.4,Donovan Mitchell,0.7,2.7,20.5,SG,2017-18,1.5,UTA,3.7,2.7
472,6.1,13.1,.468,2.4,6.7,.362,22,4.2,0.4,3.3,.493,.432,8.6,19.9,.806,4.1,5.1,77,77,33.7,Donovan Mitchell,0.8,2.7,23.8,SG,2018-19,1.4,UTA,4.1,2.8
473,0.3,1.1,.300,0.0,0.1,.000,20,0.1,0.0,0.8,.273,.273,0.3,1.2,1.000,0.2,0.2,9,0,3.2,Tony Bradley,0.4,0.1,0.9,C,2017-18,0.0,UTA,1.2,0.0
474,2.7,5.3,.500,0.0,0.0,0,21,0.3,0.7,2.0,.500,.500,2.7,5.3,.500,0.3,0.7,3,0,12.0,Tony Bradley,3.0,2.0,5.7,C,2018-19,0.7,UTA,5.0,1.0
475,1.1,2.4,.470,0.6,1.7,.356,24,1.4,0.2,3.1,.496,.423,1.7,4.1,.803,0.9,1.1,69,4,16.7,Royce O'Neale,0.4,1.5,5.0,SF,2017-18,0.5,UTA,3.4,0.8
476,1.2,2.0,.569,0.8,2.1,.386,25,1.5,0.3,3.2,.574,.475,2.0,4.2,.762,0.4,0.5,82,16,20.4,Royce O'Neale,0.3,2.1,5.2,SF,2018-19,0.7,UTA,3.5,0.9
477,1.0,2.1,.471,1.5,3.4,.441,29,2.7,0.1,2.9,.589,.452,2.5,5.5,.735,0.6,0.8,82,26,24.0,Joe Ingles,0.3,2.0,7.1,SF,2016-17,1.2,UTA,3.2,1.3
478,1.6,3.1,.516,2.5,5.7,.440,30,4.8,0.2,3.9,.609,.467,4.1,8.8,.795,0.8,1.0,82,81,31.4,Joe Ingles,0.3,2.2,11.5,SF,2017-18,1.1,UTA,4.2,1.9
479,2.1,3.9,.533,2.3,5.9,.391,31,5.7,0.2,3.6,.565,.448,4.4,9.8,.707,1.1,1.5,82,82,31.3,Joe Ingles,0.4,2.2,12.1,PF,2018-19,1.2,UTA,4.0,2.4
480,1.7,3.2,.519,0.7,2.3,.295,21,1.7,0.2,1.5,.488,.427,2.3,5.5,.795,0.9,1.1,66,26,18.6,Dante Exum,0.5,2.2,6.2,PG,2016-17,0.3,UTA,2.0,1.2
481,2.6,4.9,.536,0.4,1.3,.278,22,3.1,0.2,1.6,.511,.483,3.0,6.2,.806,1.8,2.2,14,0,16.8,Dante Exum,0.3,1.4,8.1,PG,2017-18,0.6,UTA,1.9,1.4
482,2.0,4.3,.464,0.4,1.5,.290,23,2.6,0.1,1.2,.456,.419,2.4,5.7,.791,1.6,2.0,42,1,15.8,Dante Exum,0.4,1.6,6.9,PG,2018-19,0.3,UTA,1.6,1.2
483,0.3,1.0,.333,0.0,0.5,.083,23,0.2,0.0,0.7,.264,.250,0.4,1.6,1.000,0.1,0.1,23,0,4.0,Georges Niang,0.1,0.3,0.9,PF,2016-17,0.1,IND,0.7,0.2
484,0.4,0.8,.571,0.0,0.4,.000,24,0.3,0.0,0.7,.364,.364,0.4,1.2,.500,0.1,0.2,9,0,3.6,Georges Niang,0.3,0.1,1.0,PF,2017-18,0.2,UTA,1.0,0.3
485,0.7,1.3,.566,0.7,1.8,.410,25,0.6,0.1,1.3,.594,.475,1.5,3.1,.833,0.3,0.4,59,0,8.7,Georges Niang,0.2,1.0,4.0,PF,2018-19,0.2,UTA,1.5,0.4
486,2.9,5.6,.512,1.8,4.8,.367,27,1.4,0.1,3.0,.530,.445,4.6,10.4,.893,2.7,3.0,81,54,25.7,Bojan Bogdanović,0.5,1.8,13.7,SF,2016-17,0.4,traded,3.4,1.6
487,3.1,5.8,.534,1.9,4.8,.402,28,1.5,0.1,3.0,.565,.474,5.1,10.7,.868,2.2,2.6,80,80,30.8,Bojan Bogdanović,0.4,1.6,14.3,SF,2017-18,0.7,IND,3.4,1.3
488,4.4,8.2,.538,2.0,4.8,.425,29,2.0,0.0,3.7,.575,.497,6.4,13.0,.807,3.0,3.8,81,81,31.8,Bojan Bogdanović,0.4,1.7,18.0,SF,2018-19,0.9,IND,4.1,1.7
489,2.1,3.6,.586,0.0,0.0,0,30,0.6,0.8,3.3,.586,.586,2.1,3.6,.573,1.4,2.4,31,0,17.9,Ian Mahinmi,1.5,2.9,5.6,C,2016-17,1.1,WAS,4.8,1.1
490,1.8,3.2,.561,0.0,0.0,0,31,0.7,0.5,2.3,.556,.556,1.8,3.2,.703,1.2,1.7,77,0,14.9,Ian Mahinmi,1.8,3.0,4.8,C,2017-18,0.5,WAS,4.1,1.3
491,1.3,2.6,.500,0.1,0.5,.188,32,0.7,0.5,2.4,.466,.452,1.4,3.1,.689,1.2,1.8,34,6,14.6,Ian Mahinmi,1.4,2.5,4.1,C,2018-19,0.7,WAS,3.8,0.6
492,5.4,10.0,.538,2.9,7.2,.404,23,3.5,0.3,2.4,.566,.482,8.3,17.2,.825,3.7,4.4,77,77,34.9,Bradley Beal,0.7,2.2,23.1,SG,2016-17,1.1,WAS,3.1,2.0
493,5.9,11.6,.507,2.4,6.5,.375,24,4.5,0.4,3.7,.527,.460,8.3,18.1,.791,3.6,4.5,82,82,36.3,Bradley Beal,0.7,2.0,22.6,SG,2017-18,1.2,WAS,4.4,2.6
494,6.8,12.4,.548,2.5,7.3,.351,25,5.5,0.7,3.9,.540,.475,9.3,19.6,.808,4.4,5.5,82,82,36.9,Bradley Beal,1.1,2.8,25.6,SG,2018-19,1.5,WAS,5.0,2.7
495,1.5,3.1,.471,2.2,5.4,.413,29,0.6,0.3,2.6,.565,.434,3.7,8.5,.903,1.1,1.2,76,29,23.4,C.J. Miles,0.4,2.0,10.7,SF,2016-17,0.6,IND,3.0,0.5
496,0.9,2.1,.434,2.3,6.5,.361,30,0.8,0.3,1.9,.516,.379,3.2,8.6,.835,1.2,1.4,70,3,19.1,C.J. Miles,0.3,1.9,10.0,SF,2017-18,0.5,TOR,2.2,0.6
497,0.8,2.0,.417,1.3,3.8,.330,31,0.7,0.3,1.5,.468,.360,2.1,5.9,.828,0.9,1.1,53,1,16.2,C.J. Miles,0.2,1.5,6.4,SF,2018-19,0.5,traded,1.8,0.6
498,7.2,14.9,.480,1.1,3.5,.327,26,10.7,0.6,3.4,.482,.451,8.3,18.4,.801,5.4,6.8,78,78,36.4,John Wall,0.8,1.9,23.1,PG,2016-17,2.0,WAS,4.2,4.1
499,5.3,12.2,.436,1.5,4.1,.371,27,9.6,1.1,3.1,.466,.420,6.8,16.3,.726,4.3,5.9,41,41,34.4,John Wall,0.5,2.0,19.4,PG,2017-18,1.4,WAS,3.7,3.9
500,6.1,12.0,.507,1.6,5.3,.302,28,8.7,0.9,3.2,.490,.444,7.7,17.3,.697,3.8,5.5,32,32,34.5,John Wall,0.5,2.2,20.7,PG,2018-19,1.5,WAS,3.6,3.8
501,1.1,2.2,.521,0.5,1.8,.286,21,0.6,0.3,1.6,.480,.415,1.7,4.0,.811,1.0,1.2,43,5,10.4,Moritz Wagner,0.4,1.3,4.8,C,2018-19,0.3,LAL,2.0,0.9
502,1.4,3.2,.455,0.4,1.3,.319,19,1.5,0.1,2.1,.462,.415,1.9,4.5,.681,0.6,0.9,52,10,14.0,Troy Brown Jr.,0.7,1.1,4.8,SF,2018-19,0.4,WAS,2.8,0.6
503,0.2,1.1,.200,0.0,0.4,.000,19,0.7,0.2,0.7,.152,.152,0.2,1.5,.600,0.4,0.7,22,0,5.5,Isaac Bonga,0.4,0.4,0.9,PG,2018-19,0.4,LAL,1.1,0.3
504,0.5,0.9,.557,1.0,2.6,.399,24,0.7,0.4,1.1,.588,.440,1.5,3.5,.824,0.4,0.5,67,6,12.1,Dāvis Bertāns,0.3,1.1,4.5,PF,2016-17,0.3,SAS,1.5,0.5
505,0.9,1.5,.588,1.2,3.3,.373,25,1.0,0.4,1.8,.568,.440,2.1,4.8,.816,0.5,0.6,77,10,14.1,Dāvis Bertāns,0.2,1.2,5.9,PF,2017-18,0.3,SAS,2.0,0.5
506,0.8,1.5,.513,1.9,4.4,.429,26,1.3,0.4,3.2,.610,.450,2.7,6.0,.883,0.7,0.8,76,12,21.5,Dāvis Bertāns,0.3,1.8,8.0,PF,2018-19,0.5,SAS,3.5,0.6
507,1.7,3.8,.435,0.3,1.7,.200,23,2.2,0.8,5.5,.394,.364,2.0,5.5,.500,0.2,0.3,6,2,23.8,Jemerrio Jones,2.7,1.7,4.5,SF,2018-19,1.2,LAL,8.2,0.8
508,1.1,2.5,.429,0.5,1.0,.455,24,1.1,0.0,0.7,.500,.436,1.5,3.5,.750,1.0,1.3,22,1,8.9,Jordan McRae,0.2,0.8,4.5,PG,2015-16,0.1,traded,0.9,0.7
509,1.1,2.7,.404,0.5,1.4,.353,25,0.5,0.2,0.9,.447,.387,1.6,4.1,.794,0.7,0.9,37,4,10.4,Jordan McRae,0.2,0.8,4.4,SG,2016-17,0.2,CLE,1.1,0.4
510,1.9,3.5,.537,0.4,1.3,.286,27,1.1,0.3,1.3,.508,.469,2.3,4.8,.800,1.0,1.3,27,0,12.3,Jordan McRae,0.2,1.0,5.9,SG,2018-19,0.5,WAS,1.5,0.6
511,0.5,0.7,.636,0.1,0.7,.100,20,0.4,0.1,0.9,.405,.381,0.5,1.4,.556,0.3,0.6,15,0,4.8,Thomas Bryant,0.2,0.4,1.5,C,2017-18,0.1,LAL,1.1,0.1
512,3.8,5.6,.685,0.5,1.4,.333,21,1.3,0.9,4.7,.648,.616,4.3,7.0,.781,1.5,1.9,72,53,20.8,Thomas Bryant,1.6,1.8,10.5,C,2018-19,0.3,WAS,6.3,0.8
513,3.7,8.0,.467,0.3,1.3,.267,28,5.2,0.4,2.6,.458,.439,4.1,9.2,.706,0.9,1.3,81,32,24.1,Ish Smith,0.3,1.6,9.4,PG,2016-17,0.8,DET,2.9,1.4
514,4.3,8.5,.506,0.4,1.2,.347,29,4.4,0.2,2.4,.507,.486,4.7,9.8,.698,1.0,1.4,82,35,24.9,Ish Smith,0.3,1.7,10.9,PG,2017-18,0.8,DET,2.7,1.3
515,2.9,6.3,.455,0.8,2.4,.326,30,3.6,0.2,2.2,.464,.419,3.7,8.7,.758,0.8,1.1,56,0,22.3,Ish Smith,0.4,1.9,8.9,PG,2018-19,0.5,DET,2.6,1.1
516,5.8,10.9,.528,3.2,8.5,.379,27,5.9,0.2,2.1,.546,.463,9.0,19.4,.909,7.8,8.5,76,76,33.8,Isaiah Thomas,0.6,2.2,28.9,PG,2016-17,0.9,BOS,2.7,2.8
517,3.2,7.3,.438,1.7,5.9,.293,28,4.8,0.1,1.6,.438,.373,4.9,13.2,.893,3.7,4.1,32,15,26.9,Isaiah Thomas,0.5,1.8,15.2,PG,2017-18,0.5,traded,2.1,3.0
518,1.8,4.7,.393,1.0,3.6,.279,29,1.9,0.1,0.7,.404,.343,2.8,8.3,.630,1.4,2.3,12,0,15.1,Isaiah Thomas,0.4,1.4,8.1,SG,2018-19,0.4,DEN,1.1,1.5
519,1.4,3.1,.443,0.6,1.7,.324,22,0.9,0.5,2.2,.458,.400,1.9,4.8,.787,1.3,1.6,59,10,16.6,Taurean Prince,0.4,1.6,5.7,SF,2016-17,0.7,ATL,2.7,1.0
520,2.9,6.3,.461,2.1,5.6,.385,23,2.6,0.5,4.1,.516,.426,5.1,11.9,.844,1.9,2.2,82,82,30.0,Taurean Prince,0.6,2.0,14.1,SF,2017-18,1.0,ATL,4.7,2.3
521,2.5,5.1,.498,2.2,5.7,.390,24,2.1,0.3,3.2,.545,.441,4.8,10.8,.819,1.7,2.1,55,47,28.2,Taurean Prince,0.4,2.6,13.5,SF,2018-19,1.0,ATL,3.6,1.8
522,2.0,3.4,.571,1.0,3.2,.321,22,1.9,0.1,2.9,.528,.450,3.0,6.7,.720,1.2,1.6,57,26,21.7,Caris LeVert,0.4,1.6,8.2,SF,2016-17,0.9,BRK,3.3,1.0
523,3.3,6.9,.480,1.2,3.5,.347,23,4.2,0.3,2.9,.493,.435,4.5,10.4,.711,1.9,2.6,71,10,26.3,Caris LeVert,0.7,2.2,12.1,SF,2017-18,1.2,BRK,3.7,2.2
524,4.0,8.2,.483,1.2,3.9,.312,24,3.9,0.4,2.9,.478,.429,5.2,12.1,.691,2.1,3.1,40,25,26.6,Caris LeVert,0.9,1.9,13.7,SF,2018-19,1.1,BRK,3.8,1.7
525,3.2,5.3,.599,0.1,0.2,.333,19,0.7,1.2,3.4,.596,.589,3.3,5.5,.776,1.6,2.0,72,31,20.0,Jarrett Allen,2.0,2.0,8.2,C,2017-18,0.4,BRK,5.4,1.1
526,4.1,6.5,.629,0.1,0.6,.133,20,1.4,1.5,6.0,.595,.590,4.2,7.1,.709,2.5,3.5,80,80,26.2,Jarrett Allen,2.4,2.3,10.9,C,2018-19,0.5,BRK,8.4,1.3
527,0.9,1.3,.667,0.1,1.1,.100,19,0.2,0.0,0.4,.432,.409,1.0,2.4,.000,0.0,0.2,9,0,4.3,Džanan Musa,0.1,0.1,2.1,SG,2018-19,0.2,BRK,0.6,0.4
528,2.3,4.2,.543,0.9,2.9,.315,20,0.8,0.4,3.0,.514,.450,3.2,7.1,.783,1.1,1.5,63,46,20.5,Rodions Kurucs,0.9,2.3,8.5,SF,2018-19,0.7,BRK,3.9,1.2
529,1.3,2.7,.489,1.6,4.3,.385,25,1.0,0.2,2.5,.543,.425,3.0,7.0,.714,0.7,0.9,52,11,21.9,Joe Harris,0.3,2.3,8.2,SG,2016-17,0.6,BRK,2.8,1.1
530,2.0,3.4,.589,1.9,4.6,.419,26,1.6,0.3,2.7,.612,.491,3.9,8.0,.827,1.1,1.3,78,14,25.3,Joe Harris,0.7,2.0,10.8,SG,2017-18,0.4,BRK,3.3,1.2
531,2.5,4.8,.528,2.4,5.1,.474,27,2.4,0.2,3.1,.622,.500,4.9,9.8,.827,1.4,1.8,76,76,30.2,Joe Harris,0.7,2.4,13.7,SG,2018-19,0.5,BRK,3.8,1.6
532,1.6,3.4,.478,0.6,1.7,.376,23,3.1,0.4,2.3,.507,.444,2.3,5.1,.792,2.1,2.7,59,18,22.6,Spencer Dinwiddie,0.5,2.0,7.3,PG,2016-17,0.7,BRK,2.8,1.1
533,2.3,5.1,.452,1.8,5.4,.326,24,6.6,0.3,2.7,.471,.387,4.1,10.5,.813,2.7,3.4,80,58,28.8,Spencer Dinwiddie,0.5,2.3,12.6,PG,2017-18,0.9,BRK,3.2,1.6
534,3.6,6.7,.528,1.8,5.4,.335,25,4.6,0.3,2.1,.517,.442,5.4,12.2,.806,4.2,5.2,68,4,28.1,Spencer Dinwiddie,0.4,2.8,16.8,PG,2018-19,0.6,BRK,2.4,2.2
535,7.0,11.5,.608,1.9,5.0,.375,28,4.8,1.6,7.6,.594,.537,8.9,16.5,.875,5.4,6.2,62,62,33.4,Kevin Durant,0.6,1.9,25.1,PF,2016-17,1.1,GSW,8.3,2.2
536,6.7,11.9,.565,2.5,6.1,.419,29,5.4,1.8,6.4,.586,.516,9.3,18.0,.889,5.3,5.9,68,68,34.2,Kevin Durant,0.5,2.0,26.4,SF,2017-18,0.7,GSW,6.8,3.0
537,7.5,12.8,.587,1.8,5.0,.353,30,5.9,1.1,5.9,.571,.521,9.2,17.7,.885,5.7,6.5,78,78,34.6,Kevin Durant,0.4,2.0,26.0,SF,2018-19,0.7,GSW,6.4,2.9
538,5.1,7.1,.717,0.0,0.0,0,28,1.2,1.7,10.1,.714,.714,5.1,7.1,.482,2.5,5.2,81,81,31.7,DeAndre Jordan,3.7,2.6,12.7,C,2016-17,0.6,LAC,13.8,1.4
539,4.8,7.5,.645,0.0,0.0,0,29,1.5,0.9,10.9,.645,.645,4.8,7.5,.580,2.4,4.1,77,77,31.5,DeAndre Jordan,4.3,2.6,12.0,C,2017-18,0.5,LAC,15.2,1.8
540,4.1,6.5,.641,0.0,0.0,0,30,2.3,1.1,9.8,.641,.641,4.1,6.5,.705,2.7,3.8,69,69,29.7,DeAndre Jordan,3.3,2.4,11.0,C,2018-19,0.6,traded,13.1,2.2
541,6.9,13.6,.505,2.5,6.1,.401,24,5.8,0.3,2.5,.535,.473,9.3,19.7,.905,4.1,4.6,72,72,35.1,Kyrie Irving,0.7,2.2,25.2,PG,2016-17,1.2,CLE,3.2,2.5
542,6.1,11.3,.541,2.8,6.8,.408,25,5.1,0.3,3.2,.568,.491,8.9,18.1,.889,3.9,4.4,60,60,32.2,Kyrie Irving,0.6,2.0,24.4,PG,2017-18,1.1,BOS,3.8,2.3
543,6.4,12.0,.533,2.6,6.5,.401,26,6.9,0.5,3.9,.557,.487,9.0,18.5,.873,3.2,3.7,67,67,33.0,Kyrie Irving,1.1,2.5,23.8,PG,2018-19,1.5,BOS,5.0,2.6
544,4.5,8.6,.527,1.5,4.6,.337,29,2.0,0.4,5.0,.520,.461,6.1,13.2,.727,2.0,2.7,71,33,30.9,Wilson Chandler,1.5,2.4,15.7,SF,2016-17,0.7,DEN,6.5,1.6
545,2.6,5.2,.501,1.2,3.3,.358,30,2.1,0.5,4.0,.515,.445,3.8,8.5,.772,1.2,1.5,74,71,31.7,Wilson Chandler,1.4,2.1,10.0,SF,2017-18,0.6,DEN,5.4,1.2
546,1.1,2.3,.478,1.2,3.1,.373,31,1.6,0.4,3.3,.526,.418,2.2,5.4,.720,0.4,0.5,51,33,23.1,Wilson Chandler,0.9,2.4,6.0,PF-SF,2018-19,0.5,traded,4.2,0.9
547,1.6,3.3,.476,1.3,3.4,.373,30,2.6,0.4,2.3,.519,.424,2.8,6.6,.784,0.9,1.1,65,21,26.6,Garrett Temple,0.5,2.2,7.8,SG,2016-17,1.3,SAC,2.8,1.2
548,1.7,3.8,.442,1.4,3.5,.392,31,1.9,0.4,2.0,.512,.418,3.1,7.3,.769,0.9,1.2,65,35,24.8,Garrett Temple,0.3,2.1,8.4,SG,2017-18,0.9,SAC,2.3,1.2
549,1.6,3.1,.515,1.2,3.5,.341,32,1.4,0.4,2.5,.513,.422,2.8,6.6,.748,1.1,1.4,75,55,27.2,Garrett Temple,0.4,2.7,7.8,SG,2018-19,1.0,traded,2.9,0.9
550,0.7,1.5,.481,0.7,2.6,.261,23,1.2,0.0,1.8,.425,.342,1.4,4.1,.864,1.1,1.2,18,0,11.7,Theo Pinson,0.2,0.8,4.5,SG,2018-19,0.3,BRK,2.0,1.0
551,2.3,3.8,.605,0.1,0.3,.200,24,0.7,0.4,2.3,.586,.580,2.4,4.1,.641,1.3,2.0,20,2,19.9,David Nwaba,0.9,1.8,6.0,SG,2016-17,0.7,LAL,3.2,0.6
552,2.6,5.3,.496,0.3,0.7,.346,25,1.5,0.4,3.4,.499,.478,2.9,6.0,.655,1.9,2.9,70,21,23.5,David Nwaba,1.3,2.3,7.9,SG,2017-18,0.8,CHI,4.7,1.1
553,2.0,3.7,.545,0.5,1.5,.320,26,1.1,0.3,2.4,.527,.481,2.5,5.1,.682,1.1,1.7,51,14,19.3,David Nwaba,0.8,2.1,6.5,SG,2018-19,0.7,CLE,3.2,0.6
554,0.7,1.5,.448,0.5,1.8,.286,20,0.4,0.1,1.7,.438,.359,1.2,3.4,.500,0.2,0.4,19,2,7.7,Henry Ellenson,0.4,0.3,3.2,PF,2016-17,0.1,DET,2.2,0.7
555,0.9,2.3,.384,0.5,1.6,.333,21,0.5,0.0,1.9,.432,.363,1.4,3.8,.862,0.7,0.8,38,0,8.7,Henry Ellenson,0.3,0.6,4.0,PF,2017-18,0.1,DET,2.1,0.5
556,1.2,3.0,.386,0.9,2.0,.447,22,0.8,0.1,3.2,.500,.411,2.1,5.0,.760,1.0,1.3,19,0,13.6,Henry Ellenson,0.3,1.4,6.0,PF,2018-19,0.4,traded,3.5,0.5
557,3.6,7.5,.483,0.0,0.1,.111,23,1.4,1.0,5.0,.478,.477,3.6,7.6,.784,1.9,2.4,81,81,29.0,Michael Kidd-Gilchrist,1.9,2.3,9.2,SF,2016-17,1.0,CHO,7.0,0.7
558,3.8,7.5,.505,0.0,0.0,0,24,1.0,0.4,2.9,.504,.504,3.8,7.6,.684,1.6,2.3,74,74,25.0,Michael Kidd-Gilchrist,1.1,1.9,9.2,SF,2017-18,0.7,CHO,4.1,0.7
559,2.2,4.5,.498,0.3,0.7,.340,25,1.0,0.6,2.5,.500,.476,2.5,5.2,.772,1.5,1.9,64,3,18.4,Michael Kidd-Gilchrist,1.4,2.4,6.7,PF,2018-19,0.5,CHO,3.8,0.7
560,4.1,7.1,.572,0.0,0.0,0,24,1.6,0.9,4.4,.571,.571,4.1,7.1,.679,2.1,3.2,62,58,27.8,Cody Zeller,2.2,3.0,10.3,C,2016-17,1.0,CHO,6.5,1.0
561,2.5,4.6,.542,0.1,0.1,.667,25,0.9,0.6,3.3,.551,.545,2.6,4.7,.718,1.8,2.6,33,0,19.0,Cody Zeller,2.0,2.5,7.1,C,2017-18,0.4,CHO,5.4,1.0
562,3.8,6.6,.570,0.1,0.4,.273,26,2.1,0.8,4.6,.559,.551,3.9,7.0,.787,2.3,2.9,49,47,25.4,Cody Zeller,2.2,3.3,10.1,C,2018-19,0.8,CHO,6.8,1.3
563,3.4,7.4,.453,1.8,5.3,.333,28,5.9,0.4,5.6,.472,.403,5.1,12.7,.856,3.2,3.7,77,77,34.0,Nicolas Batum,0.6,1.4,15.1,SG,2016-17,1.1,CHO,6.2,2.5
564,2.8,5.9,.473,1.4,4.3,.336,29,5.5,0.4,3.9,.486,.415,4.2,10.2,.831,1.7,2.0,64,64,31.0,Nicolas Batum,0.9,1.1,11.6,SG,2017-18,1.0,CHO,4.8,2.0
565,1.8,3.5,.519,1.5,4.0,.389,30,3.3,0.6,4.3,.553,.450,3.4,7.5,.865,1.0,1.2,75,72,31.4,Nicolas Batum,0.9,1.9,9.3,SF,2018-19,0.9,CHO,5.2,1.6
566,2.2,4.2,.528,0.0,0.0,0,24,0.9,1.1,5.1,.528,.528,2.2,4.2,.534,1.5,2.9,81,27,22.1,Bismack Biyombo,1.9,2.5,6.0,C,2016-17,0.3,ORL,7.0,1.2
567,2.2,4.3,.521,0.0,0.0,0,25,0.8,1.2,4.0,.520,.520,2.2,4.3,.650,1.2,1.9,82,25,18.2,Bismack Biyombo,1.8,1.9,5.7,C,2017-18,0.3,ORL,5.7,1.0
568,1.6,2.9,.571,0.0,0.0,0,26,0.6,0.8,3.1,.571,.571,1.6,2.9,.637,1.1,1.7,54,32,14.5,Bismack Biyombo,1.5,1.9,4.4,C,2018-19,0.2,CHO,4.6,0.6
569,2.3,4.6,.494,1.6,4.7,.350,30,1.4,0.7,5.4,.510,.422,3.9,9.3,.873,1.7,2.0,76,76,30.2,Marvin Williams,1.2,1.8,11.2,PF,2016-17,0.8,CHO,6.6,0.8
570,1.7,3.3,.512,1.6,3.9,.413,31,1.2,0.5,3.8,.570,.458,3.3,7.2,.829,1.3,1.6,78,78,25.7,Marvin Williams,0.9,1.5,9.5,PF,2017-18,0.7,CHO,4.7,0.8
571,1.8,3.6,.500,1.9,5.1,.366,32,1.2,0.8,4.4,.529,.422,3.7,8.7,.767,0.9,1.1,75,75,28.4,Marvin Williams,1.0,2.1,10.1,PF,2018-19,0.9,CHO,5.4,0.6
572,3.4,6.3,.538,0.1,0.2,.267,22,1.3,0.5,4.6,.533,.529,3.4,6.5,.728,1.3,1.7,72,22,18.4,Willy Hernangómez,2.4,2.1,8.2,C,2016-17,0.6,NYK,7.0,1.4
573,1.8,3.2,.566,0.1,0.3,.417,23,0.7,0.3,2.5,.570,.555,1.9,3.4,.656,1.2,1.9,48,1,10.3,Willy Hernangómez,1.3,1.3,5.1,C,2017-18,0.4,traded,3.8,0.7
574,2.4,4.4,.539,0.3,0.7,.385,24,1.0,0.3,3.3,.544,.519,2.6,5.1,.694,1.7,2.5,58,3,14.0,Willy Hernangómez,2.0,1.7,7.3,C,2018-19,0.3,CHO,5.4,1.0
575,1.1,2.9,.385,1.3,3.9,.342,19,1.4,0.1,0.9,.458,.360,2.4,6.7,.842,0.5,0.6,63,0,13.6,Malik Monk,0.1,1.0,6.7,SG,2017-18,0.3,CHO,1.0,0.8
576,1.6,3.5,.461,1.5,4.5,.330,20,1.6,0.3,1.7,.480,.387,3.1,8.0,.882,1.2,1.4,73,0,17.2,Malik Monk,0.2,1.5,8.9,SG,2018-19,0.5,CHO,1.9,1.2
577,1.2,2.8,.409,0.2,0.8,.256,22,0.7,0.0,2.3,.404,.375,1.4,3.6,.800,0.4,0.5,53,6,13.5,Dwayne Bacon,0.1,0.9,3.3,SG,2017-18,0.3,CHO,2.3,0.4
578,2.0,4.0,.494,0.9,2.0,.437,23,1.1,0.1,1.9,.549,.475,2.8,6.0,.739,0.8,1.1,43,13,17.7,Dwayne Bacon,0.2,1.7,7.3,SG,2018-19,0.3,CHO,2.1,0.4
579,2.2,3.9,.553,0.8,2.5,.325,20,1.2,0.6,3.2,.527,.464,3.0,6.4,.753,0.7,1.0,80,25,21.2,Miles Bridges,0.8,1.4,7.5,SF,2018-19,0.7,CHO,4.0,0.6
580,0.9,2.1,.421,0.7,2.6,.281,23,2.6,0.0,1.2,.421,.343,1.6,4.7,.761,0.8,1.0,46,3,14.7,Devonte' Graham,0.2,1.0,4.7,PG,2018-19,0.5,CHO,1.4,0.7
581,1.3,3.1,.405,0.8,2.4,.318,22,1.8,0.1,2.5,.437,.367,2.0,5.6,.773,0.7,0.9,74,0,17.1,Terry Rozier,0.5,0.9,5.5,PG,2016-17,0.6,BOS,3.1,0.6
582,2.0,5.0,.410,1.9,5.0,.381,23,2.9,0.2,3.9,.491,.395,4.0,10.0,.772,1.4,1.9,80,16,25.9,Terry Rozier,0.8,1.5,11.3,PG,2017-18,1.0,BOS,4.7,1.0
583,1.8,4.2,.422,1.5,4.3,.353,24,2.9,0.3,3.5,.477,.387,3.3,8.4,.785,0.9,1.2,79,14,22.7,Terry Rozier,0.4,1.3,9.0,PG,2018-19,0.9,BOS,3.9,0.9
584,2.8,5.6,.501,1.1,2.8,.370,27,2.2,0.4,1.6,.519,.457,3.9,8.5,.770,0.8,1.0,73,22,24.9,E'Twaun Moore,0.5,1.8,9.6,SG,2016-17,0.7,NOP,2.1,0.8
585,3.6,6.5,.556,1.6,3.7,.425,28,2.3,0.1,2.2,.585,.508,5.2,10.1,.706,0.6,0.8,82,80,31.5,E'Twaun Moore,0.7,2.2,12.5,SG,2017-18,1.0,NOP,2.9,1.2
586,3.4,6.7,.506,1.4,3.3,.432,29,1.9,0.2,1.7,.553,.481,4.8,10.0,.763,0.8,1.1,53,36,27.6,E'Twaun Moore,0.7,2.1,11.9,SG,2018-19,0.8,NOP,2.4,1.1
587,2.8,6.3,.443,0.7,2.4,.294,19,2.1,0.5,3.2,.442,.402,3.5,8.7,.621,1.7,2.7,79,40,28.8,Brandon Ingram,0.8,2.0,9.4,SF,2016-17,0.6,LAL,4.0,1.5
588,5.4,11.1,.483,0.7,1.8,.390,20,3.9,0.7,4.4,.497,.470,6.1,12.9,.681,3.3,4.8,59,59,33.5,Brandon Ingram,1.0,2.8,16.1,SF,2017-18,0.8,LAL,5.3,2.5
589,6.4,12.2,.521,0.6,1.8,.330,21,3.0,0.6,4.3,.518,.497,7.0,14.0,.675,3.8,5.6,52,52,33.8,Brandon Ingram,0.8,2.9,18.3,SF,2018-19,0.5,LAL,5.1,2.5
590,2.2,5.2,.420,1.7,5.7,.305,20,7.2,0.8,5.6,.440,.360,3.9,10.8,.451,0.6,1.4,52,50,34.2,Lonzo Ball,1.3,2.3,10.2,PG,2017-18,1.7,LAL,6.9,2.6
591,2.3,4.9,.482,1.6,4.9,.329,21,5.4,0.4,4.2,.488,.406,3.9,9.7,.417,0.4,1.0,47,45,30.3,Lonzo Ball,1.1,2.4,9.9,PG,2018-19,1.5,LAL,5.3,2.2
592,1.6,2.8,.551,1.2,3.1,.396,22,1.3,0.3,3.5,.573,.469,2.8,6.0,.702,1.0,1.5,63,23,23.2,Josh Hart,0.7,1.7,7.9,SG,2017-18,0.7,LAL,4.2,0.7
593,1.4,2.8,.511,1.4,4.1,.336,23,1.4,0.6,3.2,.506,.407,2.8,6.9,.688,0.8,1.2,67,22,25.6,Josh Hart,0.5,2.2,7.8,SG,2018-19,1.0,LAL,3.7,0.9
594,4.6,9.1,.498,1.5,4.2,.356,26,7.3,0.7,3.3,.510,.454,6.0,13.3,.708,1.8,2.5,67,61,32.7,Jrue Holiday,0.7,2.0,15.4,PG,2016-17,1.5,NOP,3.9,2.9
595,6.1,11.0,.557,1.5,4.4,.337,27,6.0,0.8,3.7,.543,.494,7.6,15.4,.786,2.3,2.9,81,81,36.1,Jrue Holiday,0.8,2.5,19.0,SG,2017-18,1.5,NOP,4.5,2.6
596,6.4,11.9,.539,1.8,5.4,.325,28,7.7,0.8,3.9,.523,.472,8.2,17.3,.768,3.1,4.0,67,67,35.9,Jrue Holiday,1.1,2.2,21.2,SG,2018-19,1.6,NOP,5.0,3.1
597,2.3,4.6,.507,0.9,2.8,.314,20,1.1,0.0,1.8,.493,.434,3.2,7.3,.740,0.9,1.2,61,16,19.2,Frank Jackson,0.4,1.5,8.1,PG,2018-19,0.4,NOP,2.2,0.8
598,4.0,8.1,.491,0.1,0.2,.300,25,1.1,0.8,4.3,.490,.487,4.1,8.3,.615,1.3,2.2,50,39,23.7,Derrick Favors,1.8,2.1,9.5,PF,2016-17,0.9,UTA,6.1,1.2
599,4.9,8.3,.596,0.2,0.8,.222,26,1.3,1.1,4.6,.573,.563,5.1,9.1,.651,1.8,2.8,77,77,28.0,Derrick Favors,2.6,2.1,12.3,C,2017-18,0.7,UTA,7.2,1.1
600,4.6,7.1,.640,0.2,1.0,.218,27,1.2,1.4,4.6,.600,.586,4.8,8.1,.675,2.0,3.0,76,70,23.2,Derrick Favors,2.7,2.1,11.8,C,2018-19,0.7,UTA,7.4,1.1
601,1.2,2.7,.447,1.1,3.4,.333,24,1.8,0.4,3.6,.477,.384,2.3,6.1,.684,0.3,0.4,46,29,23.5,Kenrich Williams,1.2,2.1,6.1,SF,2018-19,1.0,NOP,4.8,0.8
602,4.8,9.4,.514,0.0,0.0,0,21,1.2,1.0,3.2,.514,.514,4.8,9.4,.671,2.1,3.2,50,33,22.7,Jahlil Okafor,1.6,2.4,11.8,C,2016-17,0.4,PHI,4.8,1.8
603,2.7,4.8,.567,0.0,0.1,.250,22,0.4,0.6,2.3,.562,.558,2.8,4.9,.724,0.8,1.0,28,0,12.6,Jahlil Okafor,0.8,1.8,6.3,C,2017-18,0.1,traded,3.0,0.8
604,3.6,6.1,.591,0.0,0.1,.200,23,0.7,0.7,3.3,.587,.586,3.6,6.1,.663,1.0,1.5,59,24,15.8,Jahlil Okafor,1.4,1.6,8.2,C,2018-19,0.3,NOP,4.7,0.9
605,2.5,5.4,.462,2.6,6.0,.429,32,1.4,0.2,2.1,.558,.445,5.1,11.4,.891,2.3,2.6,78,78,28.2,J.J. Redick,0.1,1.6,15.0,SG,2016-17,0.7,LAC,2.2,1.3
606,3.0,6.0,.504,2.8,6.6,.420,33,3.0,0.1,2.4,.569,.460,5.8,12.6,.904,2.8,3.1,70,70,30.2,J.J. Redick,0.1,1.8,17.1,SG,2017-18,0.5,PHI,2.5,1.5
607,2.8,5.6,.502,3.2,8.0,.397,34,2.7,0.2,2.2,.557,.440,5.9,13.5,.894,3.0,3.4,76,63,31.3,J.J. Redick,0.3,1.7,18.1,SG,2018-19,0.4,PHI,2.4,1.3
