name,games,games_start,minutes_played,field_goals,field_goals_attempted,field_goal_percentage,3_pointers,3_pointers_attempted,3pt_percentage,2_pointers,2_pointers_attempted,2pt_percentage,effective_field_goal_percentage,free_throws,free_throws_attempted,free_throw_percentage,offensive_rebounds,defensive_rebounds,total_rebounds,assists,steals,blocks,turnovers,personal_fouls,points,pos
Chandler Parsons,435,369,30.3,4.9,10.6,0.462,1.6,4.2,0.373,3.3,6.4,0.522,0.537,1.4,2.0,0.713,0.8,3.7,4.5,2.8,0.9,0.3,1.5,2.0,12.8,F
Evan Turner,686,295,27.2,4.0,9.1,0.435,0.4,1.3,0.29600000000000004,3.6,7.8,0.458,0.456,1.5,2.0,0.7809999999999999,0.6,4.2,4.7,3.5,0.8,0.3,1.8,2.0,9.9,G
Allen Crabbe,344,112,24.6,3.4,7.9,0.429,1.7,4.3,0.393,1.7,3.6,0.472,0.536,1.1,1.3,0.835,0.3,2.6,2.9,1.2,0.6,0.3,0.8,2.1,9.5,G
DeAndre' Bembry,146,19,18.9,2.6,5.8,0.445,0.4,1.5,0.281,2.1,4.3,0.504,0.482,0.8,1.3,0.605,0.5,2.8,3.3,1.9,0.9,0.4,1.4,1.7,6.3,F
Damian Jones,49,22,11.9,1.5,2.3,0.643,0.0,0.0,0.0,1.5,2.3,0.643,0.643,0.6,1.1,0.5770000000000001,0.9,1.4,2.3,0.6,0.3,0.7,0.5,1.9,3.6,F
John Collins,135,85,26.8,5.8,10.2,0.5660000000000001,0.5,1.5,0.34600000000000003,5.2,8.7,0.605,0.5920000000000001,2.5,3.3,0.743,2.9,5.5,8.4,1.6,0.5,0.9,1.7,3.1,14.6,F
Trae Young,81,81,30.9,6.5,15.5,0.418,1.9,6.0,0.324,4.6,9.6,0.477,0.48,4.2,5.1,0.8290000000000001,0.8,2.9,3.7,8.1,0.9,0.2,3.8,1.7,19.1,G
Kevin Huerter,75,59,27.3,3.7,8.8,0.419,1.8,4.7,0.385,1.9,4.1,0.457,0.522,0.5,0.7,0.732,0.8,2.5,3.3,2.9,0.9,0.3,1.5,2.1,9.7,G
Alex Len,412,171,19.9,3.0,6.2,0.487,0.2,0.6,0.349,2.8,5.6,0.501,0.503,1.7,2.5,0.695,2.1,4.3,6.3,0.8,0.4,1.0,1.3,2.7,7.9,C
Jabari Parker,247,167,29.7,6.1,12.4,0.491,0.7,2.0,0.337,5.4,10.3,0.521,0.518,2.2,3.0,0.7390000000000001,1.5,4.2,5.7,2.1,0.9,0.4,1.8,2.0,15.1,F
Jaylen Brown,222,115,24.4,4.2,9.1,0.462,1.2,3.2,0.365,3.0,5.9,0.516,0.527,1.7,2.5,0.6579999999999999,0.8,3.2,4.0,1.3,0.8,0.3,1.3,2.3,11.2,F
Jayson Tatum,159,159,30.8,5.4,11.8,0.461,1.4,3.5,0.4,4.0,8.3,0.487,0.52,2.6,3.1,0.84,0.8,4.8,5.5,1.9,1.1,0.7,1.5,2.1,14.8,F
Gordon Hayward,589,427,30.6,5.1,11.5,0.446,1.3,3.6,0.364,3.8,7.9,0.483,0.503,3.6,4.3,0.821,0.7,3.5,4.2,3.4,1.0,0.4,2.0,1.7,15.1,F
Semi Ojeleye,129,3,13.5,1.0,2.7,0.382,0.5,1.7,0.318,0.5,1.0,0.485,0.48,0.4,0.6,0.613,0.5,1.4,1.9,0.3,0.2,0.1,0.3,1.0,3.0,F
Robert Williams,32,2,8.8,1.1,1.6,0.706,0.0,0.0,0.0,1.1,1.6,0.706,0.706,0.3,0.5,0.6,0.8,1.7,2.5,0.2,0.3,1.3,0.3,1.1,2.5,F
Marcus Smart,341,143,28.4,3.1,8.3,0.3720000000000001,1.3,4.2,0.31,1.8,4.1,0.436,0.451,1.8,2.4,0.764,0.9,2.6,3.5,3.9,1.6,0.4,1.7,2.6,9.3,G
Kemba Walker,605,560,34.1,6.9,16.5,0.418,2.1,5.9,0.35700000000000004,4.8,10.5,0.452,0.482,4.0,4.7,0.835,0.6,3.3,3.8,5.5,1.3,0.4,2.2,1.5,19.8,G
Daniel Theis,129,5,14.3,2.1,3.9,0.545,0.3,1.0,0.35200000000000004,1.8,2.9,0.61,0.589,0.9,1.2,0.745,1.4,2.5,3.9,1.0,0.4,0.7,0.7,2.5,5.5,C
Enes Kanter,583,216,22.2,4.9,9.0,0.541,0.1,0.2,0.294,4.8,8.8,0.5479999999999999,0.545,2.1,2.7,0.78,2.9,4.7,7.6,0.8,0.4,0.4,1.6,2.2,11.9,C
Brad Wanamaker,36,0,9.5,1.4,2.9,0.476,0.4,1.1,0.41,0.9,1.8,0.515,0.552,0.7,0.8,0.857,0.1,1.1,1.1,1.6,0.3,0.1,0.5,0.9,3.9,G
Denzel Valentine,134,37,22.9,3.0,7.5,0.399,1.6,4.3,0.374,1.4,3.2,0.434,0.506,0.4,0.5,0.754,0.4,3.6,4.1,2.3,0.7,0.1,1.1,2.0,8.0,G
Kris Dunn,176,94,24.1,3.5,8.4,0.417,0.6,1.7,0.32299999999999995,3.0,6.7,0.441,0.45,1.0,1.4,0.723,0.4,2.9,3.3,4.4,1.4,0.5,1.9,2.9,8.6,G
Lauri Markkanen,120,119,30.9,6.0,13.8,0.4320000000000001,2.2,6.1,0.362,3.8,7.7,0.488,0.512,2.6,3.0,0.8590000000000001,1.3,6.9,8.2,1.3,0.6,0.6,1.4,1.9,16.7,F
Cristiano Felício,212,20,14.5,1.8,3.2,0.568,0.0,0.0,0.0,1.8,3.2,0.5760000000000001,0.568,0.9,1.3,0.67,1.5,2.6,4.1,0.7,0.3,0.2,0.6,1.5,4.6,F
Otto Porter,399,286,26.9,4.3,8.8,0.483,1.3,3.3,0.405,3.0,5.6,0.529,0.5579999999999999,1.1,1.4,0.7929999999999999,1.2,3.8,5.0,1.5,1.2,0.4,0.8,1.8,11.0,F
Chandler Hutchison,44,14,20.3,2.2,4.8,0.459,0.3,1.1,0.28,1.9,3.6,0.516,0.493,0.5,0.9,0.605,0.7,3.5,4.2,0.8,0.5,0.1,0.6,1.3,5.2,G
Wendell Carter Jr.,44,44,25.2,4.1,8.4,0.485,0.1,0.7,0.188,4.0,7.7,0.513,0.493,2.0,2.5,0.795,2.0,5.0,7.0,1.8,0.6,1.3,1.5,3.5,10.3,C
Zach LaVine,293,206,29.9,5.8,13.1,0.446,1.6,4.2,0.373,4.3,8.9,0.481,0.506,2.8,3.4,0.8240000000000001,0.4,3.0,3.4,3.5,0.8,0.2,2.4,2.2,16.1,G
Antonio Blakeney,76,3,15.0,2.9,7.1,0.406,0.7,1.9,0.35700000000000004,2.2,5.2,0.424,0.454,1.1,1.5,0.696,0.1,1.7,1.8,0.8,0.3,0.1,0.6,0.8,7.5,G
Tomáš Satoranský,210,87,21.6,2.5,5.1,0.489,0.6,1.4,0.4,1.9,3.6,0.524,0.546,1.1,1.4,0.792,0.9,2.0,2.8,3.7,0.8,0.2,1.1,1.7,6.6,G
Thaddeus Young,901,671,30.7,5.8,11.5,0.501,0.5,1.4,0.329,5.3,10.1,0.524,0.521,1.4,2.1,0.6729999999999999,2.0,4.0,6.0,1.7,1.5,0.4,1.4,2.2,13.4,F
Ryan Arcidiacono,105,32,21.6,1.9,4.4,0.444,0.9,2.4,0.363,1.1,2.0,0.54,0.542,0.9,1.0,0.87,0.3,2.1,2.3,2.9,0.7,0.0,0.7,1.8,5.6,G
Luke Kornet,66,19,16.8,2.4,6.2,0.382,1.5,4.1,0.36,0.9,2.1,0.426,0.502,0.7,0.9,0.807,0.6,2.4,3.0,1.2,0.5,0.9,0.6,1.0,6.9,F
Shaquille Harrison,96,13,18.9,2.5,5.7,0.442,0.3,1.2,0.261,2.2,4.5,0.49,0.469,1.1,1.7,0.6829999999999999,0.4,2.5,2.9,2.0,1.2,0.4,0.9,1.7,6.5,G
John Henson,405,152,20.1,3.3,6.1,0.539,0.0,0.1,0.273,3.3,6.0,0.544,0.542,1.1,2.0,0.5720000000000001,1.9,3.6,5.4,1.1,0.5,1.5,1.1,2.3,7.8,C
Brandon Knight,421,346,30.1,5.2,12.6,0.413,1.6,4.5,0.354,3.6,8.1,0.445,0.476,2.5,3.0,0.812,0.6,2.6,3.2,4.0,0.9,0.2,2.5,2.0,14.5,G
Tristan Thompson,562,378,27.8,3.7,7.0,0.519,0.0,0.0,0.0,3.7,7.0,0.52,0.519,1.9,3.0,0.61,3.4,5.2,8.6,0.9,0.5,0.7,1.1,2.3,9.2,F
Jordan Clarkson,382,138,27.6,5.7,12.8,0.445,1.4,4.1,0.335,4.3,8.7,0.496,0.498,1.9,2.4,0.815,0.9,2.4,3.2,2.7,0.9,0.1,1.7,1.7,14.7,G
Bam Adebayo,151,47,21.7,3.0,5.5,0.55,0.0,0.1,0.136,3.0,5.3,0.561,0.551,2.0,2.7,0.728,1.9,4.6,6.5,1.9,0.7,0.7,1.2,2.3,8.0,G
James Johnson,602,219,20.7,3.1,6.6,0.477,0.5,1.6,0.305,2.7,5.0,0.531,0.514,1.2,1.7,0.695,0.8,2.8,3.6,2.1,0.8,0.9,1.5,2.2,7.9,F
Dion Waiters,409,211,28.4,5.0,12.3,0.412,1.4,3.9,0.34700000000000003,3.7,8.3,0.443,0.468,1.7,2.5,0.6920000000000001,0.4,2.2,2.7,2.8,0.9,0.3,1.8,1.9,13.2,F
Kelly Olynyk,433,94,21.6,3.6,7.6,0.478,1.1,3.0,0.3670000000000001,2.5,4.6,0.55,0.55,1.5,2.0,0.765,1.2,3.6,4.9,1.9,0.7,0.5,1.5,2.8,9.9,G
Derrick Jones Jr.,112,30,17.3,2.2,4.4,0.5,0.3,1.1,0.28300000000000003,1.9,3.4,0.569,0.534,1.1,1.7,0.636,1.4,1.8,3.2,0.5,0.6,0.6,0.6,1.9,5.8,F
Justise Winslow,230,100,28.2,3.5,8.4,0.419,0.8,2.3,0.343,2.7,6.0,0.448,0.467,1.1,1.8,0.644,1.0,4.3,5.3,2.7,1.0,0.4,1.5,2.4,8.9,F
Yante Maten,2,0,6.5,0.5,2.0,0.25,0.0,0.5,0.0,0.5,1.5,0.333,0.25,0.0,0.0,0.0,0.5,1.0,1.5,0.0,0.5,0.0,0.0,0.0,1.0,F
Duncan Robinson,15,1,10.7,1.2,3.1,0.391,0.7,2.3,0.28600000000000003,0.5,0.7,0.727,0.5,0.3,0.4,0.667,0.1,1.1,1.3,0.3,0.3,0.0,0.3,0.7,3.3,G
Jimmy Butler,523,418,32.9,5.5,12.1,0.454,0.9,2.7,0.341,4.6,9.4,0.486,0.491,4.8,5.8,0.835,1.5,3.5,4.9,3.5,1.6,0.5,1.5,1.4,16.7,G
Giannis Antetokounmpo,465,400,32.7,6.9,13.2,0.521,0.5,1.7,0.277,6.4,11.5,0.557,0.539,4.6,6.2,0.742,1.6,6.7,8.3,4.1,1.2,1.3,2.6,3.0,18.8,G
D.J. Wilson,70,3,13.6,1.6,3.8,0.423,0.7,1.9,0.364,0.9,1.9,0.481,0.513,0.4,0.7,0.551,0.7,2.6,3.3,0.8,0.3,0.3,0.5,1.3,4.3,G
Sterling Brown,112,11,16.2,2.0,4.6,0.439,0.8,2.1,0.35700000000000004,1.3,2.5,0.509,0.521,0.4,0.6,0.758,0.5,2.4,2.9,1.0,0.5,0.2,0.6,1.5,5.3,F
Donte DiVincenzo,27,0,15.2,1.9,4.6,0.403,0.8,3.1,0.265,1.0,1.5,0.6829999999999999,0.4920000000000001,0.3,0.4,0.75,0.6,1.8,2.4,1.1,0.5,0.2,0.7,1.4,4.9,G
Ersan İlyasova,745,415,23.9,4.0,9.0,0.443,1.1,3.0,0.365,2.9,6.0,0.481,0.504,1.6,2.0,0.773,1.8,4.0,5.8,1.1,0.7,0.4,1.0,2.5,10.6,F
Pat Connaughton,216,8,14.9,1.8,4.0,0.439,0.8,2.1,0.349,1.0,1.8,0.544,0.5329999999999999,0.4,0.5,0.7959999999999999,0.5,1.8,2.3,1.2,0.3,0.2,0.5,1.1,4.6,G
Eric Bledsoe,570,408,27.9,5.0,11.0,0.455,1.1,3.2,0.336,3.9,7.8,0.503,0.503,3.0,3.8,0.794,0.8,3.1,3.9,4.8,1.5,0.5,2.6,2.0,14.1,G
Bonzie Colson,8,2,12.3,1.6,4.9,0.333,0.6,2.6,0.238,1.0,2.3,0.444,0.397,1.0,1.1,0.889,1.0,2.8,3.8,0.4,0.6,0.1,0.4,0.4,4.9,G
Brook Lopez,717,680,30.9,6.6,13.4,0.498,0.6,1.8,0.34700000000000003,6.0,11.6,0.521,0.521,3.4,4.3,0.7909999999999999,2.2,4.3,6.5,1.5,0.6,1.7,1.9,2.7,17.3,F
George Hill,726,447,28.2,4.0,8.8,0.453,1.2,3.2,0.378,2.8,5.6,0.496,0.522,2.1,2.6,0.8009999999999999,0.6,2.5,3.1,3.2,0.9,0.3,1.3,2.1,11.2,F
Khris Middleton,455,383,31.7,5.7,12.7,0.451,1.7,4.3,0.388,4.1,8.4,0.484,0.517,2.6,3.0,0.87,0.6,3.9,4.4,3.2,1.3,0.2,1.9,2.6,15.7,F
Robin Lopez,766,580,23.0,3.8,7.1,0.531,0.0,0.1,0.21600000000000005,3.8,7.1,0.534,0.532,1.5,1.9,0.757,2.4,2.9,5.3,0.8,0.2,1.2,1.1,2.0,9.1,G
Wesley Matthews,724,662,32.6,4.7,11.0,0.425,2.1,5.6,0.382,2.5,5.4,0.47,0.522,2.2,2.6,0.826,0.5,2.6,3.1,2.2,1.1,0.2,1.3,2.2,13.7,G
Thanasis Antetokounmpo,2,0,3.0,1.5,2.0,0.75,0.0,0.5,0.0,1.5,1.5,1.0,0.75,0.0,0.0,0.0,0.0,0.5,0.5,0.0,0.0,0.0,0.0,1.0,3.0,F
Gorgui Dieng,452,187,22.7,3.1,6.1,0.505,0.1,0.4,0.332,2.9,5.7,0.518,0.517,1.7,2.1,0.79,1.9,4.3,6.2,1.4,0.8,1.0,1.2,2.3,8.0,F
Jeff Teague,712,576,27.7,4.5,10.1,0.445,0.9,2.5,0.35600000000000004,3.6,7.6,0.475,0.489,2.8,3.3,0.8420000000000001,0.3,2.1,2.5,5.8,1.2,0.3,2.3,1.9,12.7,C
Andrew Wiggins,400,400,36.0,7.2,16.3,0.44,1.1,3.2,0.332,6.1,13.0,0.467,0.473,4.0,5.5,0.735,1.3,3.0,4.3,2.2,1.0,0.6,2.1,2.1,19.4,G
Robert Covington,326,280,29.9,4.2,10.5,0.402,2.3,6.5,0.36,1.9,3.9,0.471,0.514,2.0,2.4,0.813,0.9,4.6,5.5,1.6,1.7,0.8,1.8,3.0,12.7,F
Josh Okogie,74,52,23.7,2.6,6.9,0.386,0.8,2.9,0.279,1.8,4.0,0.464,0.445,1.6,2.2,0.728,0.6,2.4,2.9,1.2,1.2,0.4,0.9,2.2,7.7,G
Keita Bates-Diop,30,3,16.8,2.0,4.7,0.423,0.4,1.7,0.25,1.6,3.0,0.522,0.468,0.6,0.9,0.643,0.5,2.2,2.8,0.6,0.6,0.5,0.5,1.0,5.0,C
Shabazz Napier,289,24,16.1,2.1,5.5,0.393,0.9,2.6,0.354,1.2,2.8,0.429,0.478,1.2,1.5,0.812,0.3,1.5,1.7,2.0,0.8,0.1,1.1,1.0,6.4,G
Treveon Graham,125,24,15.6,1.4,3.6,0.396,0.7,1.9,0.363,0.7,1.7,0.434,0.4920000000000001,0.6,0.8,0.7190000000000001,0.6,1.4,2.0,0.8,0.4,0.1,0.4,1.6,4.1,F
Karl-Anthony Towns,323,323,34.4,8.5,15.8,0.537,1.2,3.1,0.392,7.3,12.7,0.5720000000000001,0.575,4.0,4.8,0.836,3.2,8.7,11.9,2.6,0.8,1.5,2.5,3.3,22.3,C
Jake Layman,141,35,12.3,1.8,4.0,0.457,0.5,1.8,0.302,1.3,2.2,0.584,0.525,0.5,0.6,0.7140000000000001,0.5,1.4,1.8,0.5,0.3,0.3,0.4,1.1,4.6,G
Tyrone Wallace,92,19,16.1,2.2,5.0,0.435,0.2,0.6,0.237,2.0,4.4,0.464,0.45,1.0,1.5,0.674,0.4,1.8,2.2,1.2,0.5,0.2,0.9,1.8,5.5,G
Noah Vonleh,299,170,17.7,2.0,4.3,0.453,0.3,0.9,0.316,1.7,3.4,0.491,0.487,0.9,1.3,0.6829999999999999,1.4,4.0,5.4,0.8,0.4,0.4,0.8,1.9,5.1,C
Frank Ntilikina,121,25,21.6,2.3,6.5,0.354,0.7,2.2,0.305,1.6,4.2,0.38,0.407,0.6,0.8,0.735,0.4,1.8,2.2,3.1,0.8,0.3,1.5,2.4,5.9,F
Dennis Smith Jr.,122,119,29.2,5.6,13.7,0.407,1.4,4.5,0.316,4.2,9.2,0.452,0.459,1.9,2.9,0.6679999999999999,0.7,2.7,3.4,5.0,1.1,0.3,2.9,2.3,14.5,G
Damyean Dotson,117,42,21.2,3.1,7.3,0.421,1.3,3.5,0.361,1.8,3.8,0.477,0.508,0.8,1.0,0.736,0.4,2.6,3.0,1.4,0.6,0.1,0.8,1.4,8.2,G
Kevin Knox,75,57,28.8,4.5,12.2,0.37,1.7,4.9,0.343,2.8,7.3,0.387,0.438,2.2,3.0,0.7170000000000001,0.8,3.7,4.5,1.1,0.6,0.3,1.5,2.3,12.8,F
Mitchell Robinson,66,19,20.6,3.1,4.4,0.6940000000000001,0.0,0.0,0.0,3.1,4.4,0.6940000000000001,0.6940000000000001,1.2,2.0,0.6,2.7,3.7,6.4,0.6,0.8,2.4,0.5,3.3,7.3,G
Allonzo Trier,64,3,22.8,3.6,8.1,0.448,0.8,2.1,0.394,2.8,6.0,0.466,0.498,2.8,3.5,0.8029999999999999,0.5,2.6,3.1,1.9,0.4,0.2,1.8,1.8,10.9,G
Kadeem Allen,37,2,14.1,1.9,4.4,0.436,0.5,1.3,0.362,1.5,3.1,0.466,0.488,1.3,1.7,0.778,0.3,1.4,1.7,2.4,0.5,0.2,0.9,1.6,5.6,G
Julius Randle,311,231,28.5,5.8,11.6,0.502,0.3,1.1,0.307,5.5,10.5,0.523,0.517,3.4,4.7,0.722,2.1,6.7,8.9,2.7,0.6,0.5,2.4,3.3,15.4,G
Taj Gibson,737,384,25.9,4.1,8.0,0.512,0.0,0.1,0.212,4.0,7.8,0.517,0.514,1.7,2.3,0.7090000000000001,2.4,4.1,6.4,1.0,0.6,1.1,1.2,2.6,9.8,G
Bobby Portis,249,49,20.3,4.1,9.0,0.458,0.8,2.3,0.361,3.3,6.8,0.49,0.503,1.1,1.5,0.7509999999999999,1.9,4.3,6.2,1.1,0.5,0.3,1.1,1.9,10.2,F
Wayne Ellington,645,165,21.3,3.0,7.3,0.41,1.5,3.9,0.379,1.5,3.3,0.447,0.513,0.7,0.8,0.846,0.3,1.9,2.2,1.1,0.6,0.1,0.7,1.2,8.2,G
Elfrid Payton,342,295,29.5,4.6,10.0,0.454,0.4,1.4,0.302,4.1,8.6,0.479,0.475,1.6,2.5,0.63,1.1,3.2,4.4,6.6,1.3,0.3,2.5,2.2,11.1,F
Marcus Morris,545,292,26.5,4.3,9.9,0.431,1.4,3.9,0.36,2.9,6.1,0.476,0.501,1.6,2.2,0.747,1.0,3.6,4.6,1.5,0.7,0.3,1.2,2.1,11.5,F
Reggie Bullock,272,119,19.3,2.5,5.7,0.434,1.3,3.4,0.392,1.2,2.3,0.495,0.55,0.5,0.6,0.828,0.3,1.7,2.1,1.1,0.5,0.1,0.6,1.0,6.8,G
Dennis Schröder,431,175,24.7,5.1,11.8,0.43,1.0,3.1,0.325,4.1,8.7,0.467,0.473,2.2,2.7,0.825,0.4,2.3,2.7,4.6,0.8,0.1,2.3,1.9,13.4,G
Steven Adams,467,403,26.8,4.0,6.8,0.588,0.0,0.0,0.0,4.0,6.8,0.589,0.588,1.6,2.9,0.5529999999999999,3.5,3.9,7.4,1.0,0.9,1.0,1.4,2.7,9.7,F
Danilo Gallinari,549,479,31.1,4.8,11.3,0.425,1.9,5.0,0.376,2.9,6.3,0.464,0.509,4.4,5.1,0.871,0.8,4.1,4.9,2.0,0.8,0.4,1.3,1.9,15.9,G
Patrick Patterson,622,81,21.8,2.7,6.1,0.45,0.8,2.3,0.3670000000000001,1.9,3.8,0.5,0.519,0.6,0.8,0.7490000000000001,1.2,2.9,4.1,1.1,0.6,0.5,0.7,1.6,6.9,F
Abdel Nader,109,2,11.2,1.3,3.3,0.387,0.5,1.5,0.333,0.8,1.8,0.4320000000000001,0.463,0.5,0.7,0.667,0.2,1.5,1.7,0.4,0.3,0.2,0.6,1.0,3.6,G
Andre Roberson,295,269,22.5,1.9,4.0,0.482,0.4,1.4,0.257,1.5,2.5,0.609,0.528,0.4,0.9,0.467,1.2,2.8,4.0,0.9,0.9,0.7,0.6,2.2,4.6,G
Terrance Ferguson,135,86,20.0,1.9,4.4,0.425,1.1,3.0,0.35600000000000004,0.8,1.4,0.574,0.547,0.3,0.5,0.754,0.4,1.0,1.4,0.7,0.5,0.2,0.4,2.3,5.2,F
Shai Gilgeous-Alexander,82,73,26.5,4.2,8.7,0.476,0.6,1.7,0.3670000000000001,3.5,7.0,0.503,0.512,1.9,2.4,0.8,0.7,2.1,2.8,3.3,1.2,0.5,1.7,2.1,10.8,G
Chris Paul,950,950,35.1,6.5,13.8,0.469,1.3,3.6,0.37,5.2,10.2,0.504,0.518,4.2,4.9,0.868,0.7,3.8,4.5,9.7,2.2,0.1,2.4,2.5,18.5,G
Hamidou Diallo,51,3,10.3,1.5,3.2,0.455,0.1,0.5,0.16699999999999998,1.4,2.8,0.504,0.467,0.7,1.2,0.61,0.7,1.2,1.9,0.3,0.4,0.2,0.5,1.5,3.7,G
Deonte Burton,32,0,7.5,1.0,2.6,0.402,0.3,0.8,0.29600000000000004,0.8,1.7,0.455,0.451,0.3,0.4,0.667,0.1,0.8,0.9,0.3,0.2,0.3,0.3,1.0,2.6,F
Donte Grantham,3,0,0.7,0.0,0.7,0.0,0.0,0.7,0.0,0.0,0.0,0.0,0.0,0.0,0.0,0.0,0.0,0.0,0.0,0.0,0.0,0.0,0.0,0.0,0.0,G
Nerlens Noel,300,160,22.8,3.4,6.4,0.523,0.0,0.0,0.0,3.4,6.4,0.523,0.523,1.4,2.3,0.631,2.0,4.4,6.5,1.2,1.4,1.4,1.4,2.5,8.2,F
Mike Muscala,307,28,15.9,2.1,4.5,0.468,0.7,1.9,0.365,1.4,2.6,0.545,0.546,0.8,0.9,0.841,1.0,2.3,3.3,0.9,0.4,0.5,0.7,1.5,5.7,C
D.J. Augustin,807,307,24.1,3.2,7.7,0.413,1.3,3.4,0.381,1.9,4.4,0.438,0.4970000000000001,2.1,2.5,0.863,0.3,1.6,1.9,4.0,0.6,0.0,1.5,1.5,9.8,F
Evan Fournier,457,315,28.0,4.9,10.9,0.446,1.7,4.5,0.371,3.2,6.5,0.498,0.522,2.1,2.6,0.805,0.5,2.3,2.8,2.5,0.8,0.1,1.6,2.4,13.5,C
Jonathan Isaac,102,74,24.8,3.1,7.4,0.419,1.0,3.1,0.327,2.1,4.4,0.484,0.487,1.3,1.6,0.8059999999999999,1.1,3.9,5.0,1.0,0.9,1.3,1.0,1.9,8.5,G
Markelle Fultz,33,15,20.6,3.3,8.1,0.414,0.1,0.5,0.267,3.2,7.6,0.422,0.421,0.9,1.8,0.534,1.1,2.3,3.4,3.4,0.9,0.3,1.3,2.2,7.7,G
Wesley Iwundu,130,25,17.3,1.6,3.8,0.419,0.3,1.0,0.304,1.3,2.8,0.458,0.457,0.9,1.2,0.787,0.6,1.9,2.5,1.0,0.5,0.3,0.6,1.6,4.4,G
Mohamed Bamba,47,1,16.3,2.5,5.2,0.481,0.4,1.5,0.3,2.0,3.7,0.555,0.525,0.8,1.3,0.5870000000000001,1.4,3.6,5.0,0.8,0.3,1.4,0.9,2.2,6.2,C
Aaron Gordon,341,252,27.9,4.7,10.4,0.45,1.1,3.4,0.321,3.6,7.1,0.512,0.502,2.0,2.8,0.7070000000000001,1.6,4.6,6.2,2.2,0.8,0.6,1.4,2.0,12.5,G
Melvin Frazier,10,0,4.4,0.7,2.1,0.333,0.0,0.6,0.0,0.7,1.5,0.467,0.333,0.1,0.4,0.25,0.3,0.2,0.5,0.1,0.1,0.0,0.1,0.6,1.5,F
Al-Farouq Aminu,670,429,25.2,2.8,6.7,0.423,0.8,2.3,0.337,2.0,4.3,0.469,0.482,1.3,1.7,0.747,1.4,4.7,6.1,1.2,1.0,0.6,1.2,1.9,7.7,F
Nikola Vučević,536,475,30.0,6.9,13.7,0.502,0.3,1.0,0.332,6.6,12.7,0.515,0.514,1.6,2.1,0.741,2.7,7.4,10.1,2.4,0.9,0.9,1.8,2.6,15.7,F
Terrence Ross,492,176,24.3,3.9,9.3,0.423,1.8,4.8,0.374,2.1,4.4,0.477,0.521,0.9,1.0,0.8190000000000001,0.4,2.4,2.8,1.1,0.8,0.3,0.9,1.8,10.5,G
Michael Carter-Williams,315,192,26.2,4.1,10.1,0.401,0.5,1.8,0.251,3.6,8.3,0.433,0.423,2.3,3.3,0.7020000000000001,0.9,3.6,4.5,4.6,1.3,0.6,2.5,2.5,10.9,F
Khem Birch,92,1,13.3,1.7,3.0,0.574,0.0,0.0,0.0,1.7,3.0,0.5760000000000001,0.574,1.1,1.6,0.6940000000000001,1.6,2.4,4.0,0.8,0.4,0.5,0.4,1.4,4.5,F
Ben Simmons,160,160,34.0,6.8,12.2,0.5539999999999999,0.0,0.1,0.0,6.8,12.1,0.5579999999999999,0.5539999999999999,2.8,4.8,0.583,2.0,6.5,8.5,7.9,1.6,0.8,3.5,2.6,16.4,C
Josh Richardson,259,190,30.7,4.4,10.4,0.425,1.6,4.4,0.368,2.8,6.0,0.467,0.503,1.6,2.0,0.821,0.7,2.5,3.2,2.9,1.1,0.7,1.4,2.5,12.1,G
Joel Embiid,158,158,30.7,8.2,17.0,0.481,1.1,3.6,0.315,7.0,13.3,0.526,0.514,6.8,8.6,0.7879999999999999,2.3,9.1,11.4,3.2,0.7,2.0,3.7,3.4,24.3,G
Zhaire Smith,6,2,18.5,2.3,5.7,0.412,1.0,2.7,0.375,1.3,3.0,0.444,0.5,1.0,1.3,0.75,0.5,1.7,2.2,1.7,0.3,0.3,1.0,1.3,6.7,G
Jonah Bolden,44,10,14.5,1.8,3.7,0.494,0.8,2.2,0.354,1.0,1.5,0.6970000000000001,0.599,0.3,0.6,0.481,1.1,2.7,3.8,0.9,0.4,0.9,0.8,2.3,4.7,F
Shake Milton,20,0,13.4,1.7,4.4,0.391,0.7,2.2,0.318,1.0,2.2,0.465,0.471,0.3,0.4,0.7140000000000001,0.5,1.3,1.8,0.9,0.4,0.4,0.3,1.5,4.4,G
Al Horford,786,782,32.8,6.0,11.3,0.525,0.5,1.3,0.368,5.5,10.1,0.545,0.546,1.7,2.3,0.754,2.2,6.2,8.4,3.2,0.8,1.2,1.6,2.3,14.1,G
Tobias Harris,546,426,30.4,5.8,12.4,0.471,1.3,3.5,0.364,4.6,8.9,0.512,0.521,2.5,3.1,0.8220000000000001,1.0,4.9,6.0,1.9,0.7,0.5,1.4,2.0,15.4,G
Mike Scott,436,11,16.3,2.8,6.0,0.464,0.8,2.3,0.364,1.9,3.7,0.525,0.5329999999999999,0.8,1.0,0.755,0.7,2.4,3.1,0.9,0.3,0.1,0.7,1.5,7.1,F
Kyle O'Quinn,443,63,14.4,2.4,4.5,0.518,0.1,0.3,0.209,2.3,4.3,0.537,0.524,0.8,1.1,0.748,1.3,3.3,4.6,1.3,0.4,1.0,1.0,2.1,5.6,F
James Ennis,278,85,20.6,2.2,4.9,0.457,0.8,2.2,0.35700000000000004,1.5,2.7,0.536,0.536,1.2,1.6,0.7929999999999999,1.0,2.2,3.2,0.9,0.6,0.3,0.7,2.0,6.5,F
Raul Neto,199,54,14.2,1.8,4.1,0.443,0.6,1.5,0.377,1.3,2.6,0.482,0.512,0.6,0.7,0.7759999999999999,0.2,1.1,1.3,1.9,0.6,0.1,1.0,1.3,4.8,C
Tyler Johnson,270,68,26.8,4.0,9.2,0.433,1.3,3.5,0.364,2.7,5.6,0.477,0.504,1.8,2.3,0.7709999999999999,0.6,2.8,3.3,2.5,0.9,0.5,1.2,2.0,11.0,G
Dario Šarić,240,150,26.9,4.5,10.5,0.433,1.6,4.4,0.358,2.9,6.0,0.488,0.509,2.0,2.4,0.835,1.6,4.6,6.2,2.1,0.6,0.2,1.8,2.1,12.7,F
Deandre Ayton,71,70,30.7,7.2,12.3,0.585,0.0,0.1,0.0,7.2,12.2,0.588,0.585,2.0,2.7,0.746,3.1,7.1,10.3,1.8,0.9,0.9,1.8,2.9,16.3,F
Mikal Bridges,82,56,29.5,3.0,6.9,0.43,1.3,3.8,0.335,1.7,3.0,0.5479999999999999,0.523,1.2,1.4,0.805,0.7,2.5,3.2,2.1,1.6,0.5,0.9,2.5,8.3,F
Aron Baynes,427,109,15.1,2.2,4.4,0.498,0.1,0.2,0.281,2.1,4.1,0.509,0.505,1.0,1.3,0.8079999999999999,1.5,2.9,4.4,0.7,0.2,0.5,0.8,2.1,5.4,F
Élie Okobo,53,16,18.1,2.2,5.5,0.393,0.7,2.5,0.295,1.4,3.0,0.475,0.46,0.7,0.9,0.787,0.2,1.6,1.8,2.4,0.6,0.1,1.3,2.1,5.7,G
Devin Booker,272,247,32.9,7.4,16.9,0.4370000000000001,1.9,5.5,0.354,5.5,11.5,0.477,0.494,4.6,5.4,0.8540000000000001,0.5,3.0,3.5,4.2,0.8,0.3,3.2,3.1,21.4,C
Jevon Carter,39,3,14.8,1.4,4.7,0.303,0.9,2.6,0.333,0.6,2.1,0.265,0.395,0.7,0.8,0.813,0.4,1.3,1.7,1.8,0.7,0.3,0.8,1.4,4.4,G
Ricky Rubio,498,477,30.9,3.6,9.2,0.388,0.8,2.6,0.322,2.7,6.6,0.413,0.433,3.1,3.7,0.838,0.7,3.5,4.2,7.7,1.9,0.1,2.7,2.6,11.1,C
Kelly Oubre Jr.,292,44,22.1,3.3,7.8,0.424,1.1,3.3,0.321,2.2,4.5,0.5,0.493,1.7,2.1,0.778,0.7,3.0,3.7,0.8,0.8,0.4,0.9,2.4,9.4,G
Frank Kaminsky,282,23,22.2,3.5,8.3,0.419,1.2,3.4,0.349,2.3,4.9,0.468,0.491,1.6,2.1,0.76,0.7,3.2,4.0,1.6,0.5,0.4,0.9,1.5,9.8,F
Damian Lillard,549,549,36.3,7.8,18.0,0.434,2.7,7.4,0.368,5.0,10.5,0.48,0.51,5.2,5.8,0.889,0.6,3.5,4.2,6.3,1.0,0.3,2.8,2.0,23.5,G
CJ McCollum,411,314,30.0,6.8,15.0,0.455,2.0,5.0,0.401,4.8,10.0,0.482,0.522,2.2,2.6,0.8390000000000001,0.6,2.5,3.1,2.9,0.9,0.3,1.7,2.1,17.8,G
Kent Bazemore,483,257,20.7,3.1,7.5,0.419,1.0,3.0,0.35200000000000004,2.1,4.5,0.463,0.489,1.4,2.0,0.7190000000000001,0.4,2.7,3.1,1.9,1.0,0.5,1.5,1.9,8.7,G
Hassan Whiteside,343,259,26.0,5.6,9.7,0.574,0.0,0.1,0.222,5.6,9.6,0.5760000000000001,0.575,2.2,3.7,0.593,3.3,8.1,11.4,0.6,0.6,2.3,1.6,2.6,13.4,G
Skal Labissière,115,41,17.6,3.0,6.3,0.48,0.2,0.6,0.375,2.8,5.7,0.4920000000000001,0.499,1.4,1.8,0.746,1.4,2.9,4.3,1.0,0.4,0.6,1.1,2.0,7.6,F
Zach Collins,143,1,16.8,2.1,4.8,0.441,0.5,1.6,0.321,1.6,3.2,0.503,0.496,0.8,1.2,0.72,1.1,2.7,3.8,0.9,0.3,0.7,0.9,2.1,5.6,F
Anfernee Simons,20,1,7.1,1.4,3.2,0.444,0.5,1.5,0.345,0.9,1.7,0.529,0.524,0.5,0.8,0.563,0.2,0.5,0.7,0.7,0.1,0.0,0.6,0.5,3.8,C
Jusuf Nurkić,310,229,22.9,4.7,9.5,0.491,0.0,0.1,0.071,4.6,9.3,0.498,0.4920000000000001,2.3,3.5,0.6659999999999999,2.5,5.5,8.0,1.9,0.8,1.3,2.0,3.1,11.6,F
Gary Trent Jr.,15,1,7.4,1.1,3.3,0.32,0.3,1.4,0.238,0.7,1.9,0.379,0.37,0.2,0.5,0.429,0.1,0.7,0.7,0.3,0.1,0.1,0.3,0.3,2.7,G
Anthony Tolliver,664,92,19.9,2.1,5.0,0.418,1.2,3.3,0.376,0.9,1.8,0.4970000000000001,0.54,0.9,1.2,0.772,0.8,2.6,3.4,0.9,0.4,0.3,0.6,1.6,6.4,F
Mario Hezonja,277,65,18.9,2.8,6.6,0.417,0.9,2.7,0.321,1.9,3.9,0.484,0.483,0.9,1.2,0.8109999999999999,0.4,2.6,3.0,1.3,0.7,0.3,1.2,1.6,7.3,F
Rodney Hood,320,227,27.2,4.5,10.7,0.422,1.7,4.7,0.3670000000000001,2.8,6.1,0.465,0.502,1.8,2.1,0.841,0.3,2.5,2.8,1.9,0.8,0.2,1.1,2.2,12.6,F
Rodney Hood,320,227,27.2,4.5,10.7,0.422,1.7,4.7,0.3670000000000001,2.8,6.1,0.465,0.502,1.8,2.1,0.841,0.3,2.5,2.8,1.9,0.8,0.2,1.1,2.2,12.6,G
Buddy Hield,244,149,26.8,5.6,12.5,0.446,2.5,5.9,0.419,3.1,6.6,0.471,0.545,1.3,1.4,0.8740000000000001,0.8,3.2,4.0,2.0,0.7,0.3,1.5,1.9,14.9,F
Caleb Swanigan,48,3,7.6,0.9,2.4,0.3720000000000001,0.0,0.3,0.133,0.8,2.0,0.408,0.381,0.4,0.6,0.667,0.7,1.8,2.5,0.5,0.2,0.1,0.8,1.4,2.2,C
Harry Giles,58,0,14.1,3.0,6.0,0.503,0.0,0.1,0.0,3.0,5.9,0.512,0.503,1.0,1.6,0.637,1.1,2.7,3.8,1.5,0.5,0.4,1.3,2.6,7.0,F
De'Aaron Fox,154,141,29.7,5.4,12.3,0.439,0.9,2.5,0.345,4.5,9.8,0.462,0.474,2.9,4.0,0.725,0.5,2.8,3.3,5.9,1.3,0.4,2.6,2.4,14.6,G
Bogdan Bogdanović,148,70,27.9,4.8,11.0,0.431,1.8,4.7,0.375,3.0,6.3,0.473,0.512,1.6,1.9,0.833,0.5,2.7,3.1,3.5,1.0,0.2,1.6,2.1,12.9,F
Marvin Bagley III,62,4,25.3,5.7,11.4,0.504,0.5,1.5,0.313,5.3,9.8,0.534,0.525,2.9,4.2,0.691,2.6,5.0,7.6,1.0,0.5,1.0,1.6,1.9,14.9,G
Nemanja Bjelica,269,92,20.2,2.7,5.8,0.46,1.1,2.8,0.381,1.6,3.0,0.5329999999999999,0.551,0.7,0.9,0.755,1.1,3.3,4.4,1.5,0.6,0.4,0.9,2.4,7.1,C
Yogi Ferrell,199,53,22.8,3.1,7.4,0.423,1.3,3.4,0.374,1.8,4.0,0.465,0.509,1.1,1.3,0.8340000000000001,0.3,2.1,2.4,2.6,0.7,0.1,0.9,1.5,8.6,G
B.J. Johnson,7,0,7.0,1.3,2.6,0.5,0.4,1.0,0.429,0.9,1.6,0.545,0.583,0.3,0.3,1.0,0.3,0.9,1.1,0.0,0.3,0.0,0.3,0.6,3.3,C
Cory Joseph,528,95,21.5,2.7,6.2,0.444,0.4,1.4,0.327,2.3,4.8,0.477,0.48,1.0,1.3,0.7609999999999999,0.5,2.1,2.6,2.8,0.8,0.2,1.0,1.5,6.9,C
Trevor Ariza,1011,710,29.8,3.8,9.0,0.422,1.4,4.1,0.35100000000000003,2.4,4.9,0.482,0.502,1.6,2.2,0.728,1.0,3.8,4.8,2.2,1.5,0.3,1.4,2.0,10.7,F
Harrison Barnes,540,479,30.7,5.0,11.3,0.446,1.2,3.3,0.374,3.8,8.1,0.475,0.5,2.2,2.8,0.795,1.0,3.9,4.9,1.5,0.7,0.2,1.2,1.7,13.6,G
Dewayne Dedmon,350,176,18.3,2.6,4.8,0.5329999999999999,0.4,1.0,0.37,2.2,3.8,0.5770000000000001,0.573,1.0,1.3,0.7240000000000001,1.6,4.5,6.0,0.7,0.5,0.9,0.9,2.5,6.5,C
Richaun Holmes,226,24,16.9,3.1,5.5,0.565,0.2,0.7,0.0,2.9,4.8,0.608,0.581,1.3,1.8,0.706,1.5,2.9,4.4,0.9,0.5,0.9,0.7,2.3,7.7,F
Tyler Lydon,26,0,3.7,0.3,0.7,0.5,0.2,0.4,0.4,0.2,0.3,0.625,0.611,0.0,0.1,0.333,0.3,0.4,0.7,0.2,0.1,0.0,0.2,0.4,0.9,F
Dejounte Murray,119,56,17.4,2.7,6.1,0.441,0.2,0.5,0.316,2.5,5.6,0.452,0.454,1.1,1.5,0.708,1.0,3.2,4.2,2.3,0.9,0.3,1.4,1.5,6.6,F
DeMar DeRozan,752,740,34.1,7.1,15.8,0.451,0.4,1.6,0.28300000000000003,6.7,14.2,0.47,0.465,5.2,6.3,0.828,0.8,3.5,4.3,3.4,1.0,0.3,2.0,2.2,19.9,G
Jakob Pöltl,213,28,16.1,2.4,3.7,0.643,0.0,0.0,0.0,2.4,3.7,0.643,0.643,0.7,1.2,0.56,2.0,2.6,4.5,0.8,0.4,0.9,0.8,2.1,5.4,F
Derrick White,84,55,22.2,3.3,6.9,0.479,0.7,1.8,0.361,2.6,5.0,0.523,0.528,1.3,1.7,0.762,0.5,2.8,3.3,3.2,0.8,0.6,1.2,1.8,8.5,F
Patty Mills,605,55,19.0,3.1,7.1,0.431,1.5,3.8,0.391,1.6,3.3,0.477,0.536,0.8,0.9,0.8490000000000001,0.3,1.4,1.7,2.4,0.6,0.1,1.0,1.3,8.4,F
LaMarcus Aldridge,950,909,34.5,7.9,16.1,0.491,0.1,0.4,0.28300000000000003,7.8,15.7,0.4970000000000001,0.495,3.6,4.4,0.81,2.7,5.7,8.4,2.0,0.7,1.1,1.6,2.5,19.6,G
Lonnie Walker,17,0,6.9,0.9,2.7,0.348,0.3,0.8,0.385,0.6,1.9,0.333,0.402,0.5,0.6,0.8,0.0,1.0,1.0,0.5,0.4,0.2,0.2,0.4,2.6,G
Marco Belinelli,803,219,23.2,3.5,8.3,0.425,1.4,3.8,0.376,2.1,4.5,0.467,0.512,1.5,1.8,0.847,0.2,1.9,2.1,1.7,0.6,0.1,1.0,1.5,10.0,F
Bryn Forbes,198,93,20.7,3.1,7.0,0.4370000000000001,1.4,3.5,0.406,1.6,3.5,0.468,0.539,0.6,0.8,0.782,0.2,1.7,1.9,1.4,0.4,0.0,0.6,1.4,8.2,G
Chimezie Metu,29,0,5.0,0.7,2.0,0.328,0.0,0.1,0.0,0.7,1.9,0.339,0.328,0.4,0.6,0.765,0.3,0.9,1.2,0.4,0.2,0.1,0.5,0.5,1.8,G
Drew Eubanks,23,0,4.9,0.7,1.1,0.5770000000000001,0.0,0.0,0.0,0.7,1.1,0.5770000000000001,0.5770000000000001,0.5,0.6,0.846,0.3,1.2,1.5,0.3,0.1,0.2,0.3,0.5,1.8,F
DeMarre Carroll,554,339,24.2,3.2,7.5,0.43,1.2,3.3,0.36,2.0,4.2,0.485,0.509,1.5,2.1,0.743,1.2,3.2,4.3,1.3,0.9,0.3,0.9,2.0,9.1,C
Rudy Gay,879,772,34.0,6.7,14.7,0.456,1.0,3.0,0.348,5.7,11.7,0.483,0.491,3.2,4.0,0.7959999999999999,1.4,4.5,5.9,2.2,1.3,0.8,2.3,2.4,17.6,G
Trey Lyles,288,41,17.5,2.9,6.7,0.431,0.9,2.6,0.331,2.0,4.1,0.495,0.495,1.0,1.5,0.705,0.7,3.2,3.9,1.1,0.4,0.3,0.9,1.4,7.6,F
Marc Gasol,795,781,33.4,5.6,11.5,0.483,0.4,1.2,0.35,5.2,10.4,0.498,0.501,3.4,4.4,0.777,1.7,6.0,7.7,3.4,0.9,1.5,2.1,2.9,15.0,C
Pascal Siakam,216,122,23.5,4.1,7.6,0.531,0.5,1.6,0.309,3.5,6.0,0.5920000000000001,0.564,1.4,1.9,0.743,1.2,3.8,5.1,2.0,0.7,0.6,1.2,2.4,10.1,G
OG Anunoby,141,68,20.1,2.5,5.3,0.461,1.0,2.8,0.35100000000000003,1.5,2.5,0.5870000000000001,0.555,0.5,0.9,0.605,0.7,2.0,2.7,0.7,0.7,0.3,0.7,1.9,6.4,F
Kyle Lowry,856,620,31.3,4.6,11.0,0.424,1.8,4.9,0.3670000000000001,2.9,6.1,0.469,0.505,3.3,4.2,0.805,0.8,3.4,4.3,6.1,1.4,0.3,2.3,2.7,14.4,C
Serge Ibaka,753,619,28.7,5.1,10.0,0.514,0.6,1.7,0.35700000000000004,4.5,8.3,0.547,0.545,1.5,1.9,0.7609999999999999,2.2,5.1,7.3,0.7,0.4,2.2,1.3,2.8,12.3,G
Norman Powell,255,63,16.8,2.6,5.9,0.442,0.8,2.4,0.345,1.8,3.5,0.51,0.513,1.0,1.3,0.807,0.3,1.8,2.1,1.2,0.6,0.2,0.9,1.5,7.1,F
Fred VanVleet,177,28,20.2,2.9,7.1,0.412,1.3,3.3,0.394,1.6,3.8,0.4270000000000001,0.504,1.1,1.3,0.836,0.3,1.9,2.2,3.3,0.8,0.2,1.0,1.6,8.3,F
Malcolm Miller,25,4,7.7,1.0,2.2,0.444,0.7,1.7,0.429,0.2,0.5,0.5,0.611,0.3,0.3,0.875,0.2,0.6,0.8,0.2,0.1,0.1,0.2,0.6,2.9,G
Chris Boucher,29,0,5.7,1.2,2.7,0.442,0.4,1.3,0.316,0.8,1.3,0.564,0.519,0.4,0.5,0.867,0.6,1.4,2.0,0.1,0.2,0.8,0.2,1.1,3.2,F
Jordan Loyd,12,0,4.6,0.7,1.5,0.444,0.3,0.7,0.5,0.3,0.8,0.4,0.556,0.8,0.9,0.818,0.1,0.7,0.8,0.5,0.0,0.0,0.2,0.4,2.4,G
Patrick McCaw,157,31,15.5,1.4,3.4,0.42,0.4,1.5,0.299,1.0,1.9,0.513,0.485,0.4,0.5,0.7909999999999999,0.3,1.2,1.5,1.2,0.6,0.2,0.6,1.1,3.7,G
Stanley Johnson,285,64,21.6,2.6,6.9,0.374,0.8,2.8,0.293,1.7,4.1,0.43,0.434,1.0,1.3,0.764,0.6,2.8,3.4,1.5,0.9,0.2,1.2,2.0,7.0,C
Rondae Hollis-Jefferson,234,147,23.6,3.6,8.1,0.444,0.2,0.8,0.223,3.4,7.3,0.468,0.455,2.5,3.4,0.7390000000000001,1.4,4.5,5.9,2.0,1.0,0.6,1.4,2.1,9.9,F
Rudy Gobert,406,314,28.7,4.1,6.5,0.629,0.0,0.0,0.0,4.1,6.5,0.629,0.629,3.0,4.7,0.631,3.2,7.3,10.5,1.3,0.7,2.2,1.6,2.5,11.1,G
Mike Conley,788,758,32.6,5.3,12.0,0.441,1.4,3.7,0.375,3.9,8.4,0.47,0.498,2.9,3.5,0.8190000000000001,0.4,2.5,3.0,5.7,1.5,0.2,2.0,2.0,14.9,F
Donovan Mitchell,156,148,33.6,8.1,18.5,0.434,2.4,6.9,0.35100000000000003,5.6,11.7,0.483,0.499,3.6,4.4,0.805,0.7,3.2,3.9,3.9,1.4,0.4,2.8,2.7,22.1,G
Tony Bradley,12,0,5.4,0.9,2.3,0.407,0.0,0.1,0.0,0.9,2.2,0.423,0.407,0.3,0.3,0.75,1.1,1.1,2.2,0.2,0.2,0.2,0.3,0.6,2.1,G
Royce O'Neale,151,20,18.7,1.9,4.2,0.451,0.7,1.9,0.374,1.1,2.2,0.52,0.539,0.6,0.8,0.7879999999999999,0.3,3.1,3.5,1.5,0.6,0.3,0.8,1.8,5.1,G
Joe Ingles,406,223,24.7,2.9,6.4,0.447,1.6,4.0,0.408,1.2,2.4,0.511,0.575,0.6,0.8,0.741,0.3,2.8,3.1,3.4,1.0,0.2,1.5,1.8,8.0,F
Dante Exum,204,68,19.3,2.2,5.4,0.4,0.7,2.4,0.304,1.4,3.0,0.477,0.468,0.8,1.1,0.77,0.4,1.4,1.8,2.3,0.4,0.2,1.3,1.9,5.9,C
Georges Niang,91,0,7.0,1.1,2.5,0.434,0.5,1.3,0.364,0.6,1.2,0.514,0.531,0.3,0.3,0.821,0.2,1.1,1.2,0.5,0.2,0.1,0.3,0.7,2.9,G
Bojan Bogdanović,399,282,27.8,4.7,10.2,0.463,1.7,4.4,0.389,3.0,5.8,0.52,0.547,2.1,2.5,0.846,0.5,2.9,3.4,1.4,0.6,0.1,1.4,1.6,13.3,G
Ian Mahinmi,580,98,16.5,1.9,3.5,0.537,0.0,0.0,0.125,1.9,3.5,0.542,0.537,1.3,2.1,0.612,1.5,2.8,4.3,0.5,0.6,0.7,1.0,2.6,5.0,F
Bradley Beal,488,454,34.4,7.3,16.2,0.452,2.2,5.7,0.384,5.1,10.5,0.488,0.519,3.0,3.8,0.7979999999999999,0.8,3.1,3.9,3.7,1.1,0.4,2.1,2.2,19.8,F
C.J. Miles,838,303,20.4,3.4,8.3,0.412,1.5,4.1,0.359,1.9,4.2,0.464,0.501,1.3,1.6,0.81,0.4,2.0,2.4,1.1,0.7,0.3,0.9,2.1,9.6,F
John Wall,573,561,35.9,6.9,15.9,0.433,0.9,2.9,0.324,5.9,13.0,0.457,0.462,4.3,5.5,0.7809999999999999,0.6,3.8,4.3,9.2,1.7,0.7,3.8,2.2,19.0,G
Moritz Wagner,43,5,10.4,1.7,4.0,0.415,0.5,1.8,0.28600000000000003,1.1,2.2,0.521,0.48,1.0,1.2,0.8109999999999999,0.4,1.6,2.0,0.6,0.3,0.3,0.9,1.3,4.8,G
Troy Brown Jr.,52,10,14.0,1.9,4.5,0.415,0.4,1.3,0.319,1.4,3.2,0.455,0.462,0.6,0.9,0.6809999999999999,0.7,2.1,2.8,1.5,0.4,0.1,0.6,1.1,4.8,F
Isaac Bonga,22,0,5.5,0.2,1.5,0.152,0.0,0.4,0.0,0.2,1.1,0.2,0.152,0.4,0.7,0.6,0.4,0.7,1.1,0.7,0.4,0.2,0.3,0.4,0.9,G
Dāvis Bertāns,220,28,16.0,2.1,4.8,0.444,1.4,3.5,0.404,0.7,1.3,0.552,0.591,0.6,0.7,0.846,0.3,2.1,2.3,1.0,0.4,0.4,0.5,1.4,6.2,G
Jemerrio Jones,6,2,23.8,2.0,5.5,0.364,0.3,1.7,0.2,1.7,3.8,0.435,0.394,0.2,0.3,0.5,2.7,5.5,8.2,2.2,1.2,0.8,0.8,1.7,4.5,C
Jordan McRae,86,5,10.6,1.8,4.2,0.4270000000000001,0.4,1.3,0.35200000000000004,1.3,2.9,0.46,0.48,0.9,1.1,0.784,0.2,1.0,1.2,0.9,0.3,0.2,0.5,0.9,4.9,F
Thomas Bryant,87,53,18.0,3.6,6.0,0.606,0.4,1.3,0.312,3.3,4.8,0.684,0.639,1.3,1.7,0.767,1.3,4.1,5.4,1.1,0.3,0.8,0.7,1.5,9.0,F
Ish Smith,542,142,19.4,3.2,7.4,0.4270000000000001,0.4,1.2,0.306,2.8,6.2,0.45,0.451,0.7,1.1,0.6779999999999999,0.3,2.0,2.4,3.8,0.7,0.2,1.3,1.3,7.4,F
Isaiah Thomas,485,324,29.4,6.0,13.8,0.4370000000000001,1.9,5.3,0.36,4.1,8.4,0.486,0.507,4.6,5.3,0.8740000000000001,0.6,2.0,2.5,5.1,0.9,0.1,2.4,2.1,18.6,G
Taurean Prince,196,139,25.5,4.0,9.5,0.4270000000000001,1.7,4.5,0.38,2.3,5.0,0.468,0.516,1.6,2.0,0.823,0.5,3.3,3.8,2.0,0.9,0.4,1.8,2.1,11.4,G
Caris LeVert,168,61,24.8,4.2,9.5,0.4370000000000001,1.1,3.5,0.329,3.0,6.0,0.499,0.4970000000000001,1.7,2.4,0.7070000000000001,0.7,2.9,3.6,3.4,1.0,0.3,1.7,1.9,11.1,G
Jarrett Allen,152,111,23.3,3.7,6.3,0.59,0.1,0.4,0.183,3.7,6.0,0.617,0.595,2.0,2.8,0.732,2.2,4.8,7.0,1.0,0.5,1.4,1.2,2.2,9.6,G
Džanan Musa,9,0,4.3,1.0,2.4,0.409,0.1,1.1,0.1,0.9,1.3,0.667,0.4320000000000001,0.0,0.2,0.0,0.1,0.4,0.6,0.2,0.2,0.0,0.4,0.1,2.1,G
Rodions Kurucs,63,46,20.5,3.2,7.1,0.45,0.9,2.9,0.315,2.3,4.2,0.5429999999999999,0.514,1.1,1.5,0.7829999999999999,0.9,3.0,3.9,0.8,0.7,0.4,1.2,2.3,8.5,G
Joe Harris,262,102,22.6,3.4,7.1,0.475,1.7,4.0,0.4270000000000001,1.6,3.1,0.539,0.597,0.9,1.1,0.797,0.5,2.4,2.8,1.5,0.4,0.2,1.1,2.0,9.4,F
Spencer Dinwiddie,253,81,24.4,3.5,8.7,0.408,1.2,3.9,0.32299999999999995,2.3,4.8,0.477,0.48,2.7,3.4,0.8009999999999999,0.4,2.2,2.6,4.5,0.7,0.3,1.5,2.2,11.0,C
Kevin Durant,849,849,36.9,9.2,18.7,0.493,1.8,4.9,0.381,7.4,13.8,0.532,0.542,6.8,7.7,0.883,0.7,6.3,7.1,4.1,1.1,1.1,3.1,1.9,27.0,F
DeAndre Jordan,819,707,28.2,3.8,5.7,0.67,0.0,0.0,0.0,3.8,5.7,0.6709999999999999,0.67,1.9,4.0,0.466,3.2,7.6,10.9,0.9,0.6,1.6,1.4,2.7,9.6,G
Kyrie Irving,508,508,33.8,8.2,17.6,0.465,2.1,5.4,0.39,6.1,12.2,0.498,0.525,3.8,4.4,0.875,0.8,2.9,3.6,5.7,1.3,0.3,2.6,2.2,22.2,G
Wilson Chandler,641,480,30.5,5.0,11.2,0.444,1.3,3.8,0.343,3.7,7.4,0.496,0.502,1.6,2.1,0.768,1.2,4.2,5.3,1.8,0.7,0.6,1.4,2.7,12.9,F
Garrett Temple,514,212,20.3,2.1,5.1,0.408,0.9,2.4,0.353,1.2,2.7,0.457,0.491,0.8,1.1,0.7290000000000001,0.4,1.8,2.1,1.6,0.9,0.3,0.9,1.9,5.9,G
Theo Pinson,18,0,11.7,1.4,4.1,0.342,0.7,2.6,0.261,0.7,1.5,0.481,0.425,1.1,1.2,0.8640000000000001,0.2,1.8,2.0,1.2,0.3,0.0,1.0,0.8,4.5,F
David Nwaba,141,37,21.5,2.7,5.4,0.49,0.3,0.9,0.326,2.4,4.5,0.524,0.518,1.5,2.3,0.6609999999999999,1.0,2.9,3.9,1.2,0.8,0.4,0.8,2.1,7.2,C
Henry Ellenson,76,2,9.7,1.5,4.0,0.377,0.6,1.8,0.353,0.9,2.3,0.395,0.454,0.6,0.8,0.774,0.3,2.2,2.5,0.6,0.2,0.0,0.5,0.7,4.3,F
Michael Kidd-Gilchrist,421,356,25.4,3.4,7.2,0.477,0.1,0.2,0.277,3.4,7.0,0.483,0.481,1.9,2.6,0.7140000000000001,1.6,4.0,5.6,1.2,0.7,0.7,0.9,2.2,8.8,G
Cody Zeller,361,213,22.9,3.1,6.0,0.511,0.0,0.1,0.263,3.0,5.9,0.516,0.513,2.1,2.8,0.74,1.8,3.9,5.8,1.4,0.7,0.8,1.0,2.7,8.2,F
Nicolas Batum,767,711,31.6,4.2,9.6,0.435,1.6,4.5,0.358,2.6,5.1,0.503,0.519,1.8,2.1,0.841,1.1,4.2,5.3,3.8,1.0,0.6,1.9,1.8,11.8,C
Bismack Biyombo,583,242,20.3,1.9,3.6,0.517,0.0,0.0,0.0,1.9,3.6,0.518,0.517,1.2,2.2,0.5710000000000001,1.9,4.3,6.3,0.5,0.3,1.4,0.9,2.2,4.9,F
Marvin Williams,1014,827,28.6,3.8,8.5,0.443,1.0,2.7,0.362,2.8,5.8,0.48,0.5,2.0,2.5,0.807,1.2,4.1,5.3,1.3,0.8,0.5,1.0,2.0,10.5,G
Willy Hernangómez,178,26,14.8,2.8,5.2,0.53,0.1,0.4,0.364,2.6,4.8,0.5429999999999999,0.5429999999999999,1.4,2.0,0.696,2.0,3.6,5.6,1.1,0.4,0.4,1.1,1.8,7.0,C
Malik Monk,136,0,15.5,2.8,7.4,0.376,1.4,4.2,0.335,1.4,3.2,0.429,0.471,0.9,1.0,0.871,0.2,1.3,1.5,1.5,0.4,0.2,1.0,1.2,7.9,G
Dwayne Bacon,96,19,15.3,2.0,4.7,0.4320000000000001,0.5,1.4,0.377,1.5,3.3,0.455,0.487,0.6,0.7,0.7609999999999999,0.1,2.1,2.2,0.9,0.3,0.1,0.4,1.2,5.1,G
Miles Bridges,80,25,21.2,3.0,6.4,0.464,0.8,2.5,0.325,2.2,3.9,0.5529999999999999,0.527,0.7,1.0,0.753,0.8,3.2,4.0,1.2,0.7,0.6,0.6,1.4,7.5,C
Devonte' Graham,46,3,14.7,1.6,4.7,0.343,0.7,2.6,0.281,0.9,2.1,0.421,0.421,0.8,1.0,0.7609999999999999,0.2,1.2,1.4,2.6,0.5,0.0,0.7,1.0,4.7,G
Terry Rozier,272,30,20.0,2.8,7.3,0.38,1.2,3.5,0.354,1.5,3.8,0.404,0.465,0.9,1.2,0.777,0.6,3.0,3.6,2.3,0.7,0.2,0.8,1.2,7.7,F
E'Twaun Moore,515,184,21.7,3.3,7.1,0.458,0.9,2.4,0.392,2.3,4.8,0.4920000000000001,0.524,0.6,0.8,0.7440000000000001,0.5,1.5,2.0,1.8,0.7,0.2,0.9,1.6,8.0,G
Brandon Ingram,190,151,31.7,5.2,11.5,0.458,0.7,2.0,0.329,4.6,9.4,0.485,0.487,2.7,4.1,0.662,0.8,3.9,4.7,2.9,0.6,0.6,2.1,2.5,13.9,C
Lonzo Ball,99,95,32.4,3.9,10.3,0.38,1.7,5.3,0.315,2.3,5.0,0.449,0.461,0.5,1.2,0.4370000000000001,1.2,4.9,6.2,6.4,1.6,0.6,2.4,2.3,10.0,F
Josh Hart,130,45,24.4,2.8,6.5,0.435,1.3,3.6,0.361,1.5,2.8,0.53,0.536,0.9,1.3,0.695,0.6,3.3,3.9,1.3,0.9,0.4,0.8,2.0,7.9,F
Jrue Holiday,652,579,33.1,6.1,13.6,0.452,1.2,3.5,0.355,4.9,10.1,0.486,0.498,2.0,2.6,0.784,0.8,3.0,3.8,6.4,1.5,0.5,2.7,2.3,15.6,F
Frank Jackson,61,16,19.2,3.2,7.3,0.434,0.9,2.8,0.314,2.3,4.6,0.507,0.493,0.9,1.2,0.74,0.4,1.8,2.2,1.1,0.4,0.0,0.8,1.5,8.1,F
Derrick Favors,632,436,25.7,4.7,8.9,0.525,0.1,0.3,0.21,4.6,8.7,0.535,0.528,2.2,3.2,0.664,2.5,4.7,7.2,1.1,0.8,1.3,1.4,2.6,11.6,G
Kenrich Williams,46,29,23.5,2.3,6.1,0.384,1.1,3.4,0.333,1.2,2.7,0.447,0.477,0.3,0.4,0.684,1.2,3.6,4.8,1.8,1.0,0.4,0.8,2.1,6.1,G
Jahlil Okafor,190,105,21.1,4.9,9.2,0.53,0.0,0.1,0.2,4.9,9.1,0.5329999999999999,0.531,1.7,2.5,0.679,1.6,3.5,5.1,0.9,0.3,0.9,1.5,2.2,11.5,F
J.J. Redick,836,452,25.9,4.3,9.7,0.448,2.0,4.9,0.413,2.3,4.7,0.484,0.5529999999999999,2.2,2.5,0.89,0.2,1.8,2.0,2.0,0.5,0.1,1.1,1.5,12.9,C
Matthew Dellavedova,377,88,21.3,2.1,5.4,0.392,1.0,2.6,0.381,1.1,2.8,0.40299999999999997,0.484,0.7,0.9,0.835,0.4,1.5,1.9,3.7,0.5,0.0,1.3,2.0,6.0,G
Ante Žižić,91,27,14.2,2.5,4.4,0.583,0.0,0.0,0.0,2.5,4.4,0.583,0.583,1.3,1.8,0.708,1.5,2.7,4.2,0.6,0.2,0.4,0.8,1.6,6.4,C
Cedi Osman,137,87,22.7,3.3,7.5,0.43700000000000006,1.2,3.4,0.35100000000000003,2.1,4.2,0.506,0.516,1.2,1.7,0.736,0.5,3.0,3.5,1.7,0.6,0.1,1.1,2.0,9.0,G
Collin Sexton,82,72,31.8,6.3,14.7,0.43,1.5,3.6,0.402,4.9,11.1,0.44,0.48,2.6,3.1,0.8390000000000001,0.7,2.2,2.9,3.0,0.5,0.1,2.3,2.3,16.7,G
Kevin Love,657,574,32.0,6.0,13.6,0.442,1.6,4.4,0.37,4.4,9.2,0.47700000000000004,0.502,4.6,5.6,0.8270000000000001,2.9,8.3,11.3,2.3,0.7,0.5,1.9,2.1,18.3,G
Larry Nance Jr.,259,86,22.9,3.2,6.0,0.539,0.2,0.6,0.295,3.1,5.4,0.5660000000000001,0.5539999999999999,1.1,1.5,0.698,2.1,4.4,6.5,1.7,1.3,0.5,0.9,2.5,7.7,G
Dwight Powell,331,52,17.8,2.8,5.0,0.5529999999999999,0.3,0.9,0.298,2.5,4.1,0.612,0.581,1.7,2.3,0.75,1.4,3.1,4.5,0.9,0.7,0.5,0.6,2.1,7.5,F
Courtney Lee,787,509,27.4,3.7,8.2,0.45,1.1,2.8,0.387,2.6,5.4,0.484,0.516,1.2,1.4,0.853,0.5,2.2,2.7,1.7,1.0,0.3,1.0,1.7,9.7,F
Justin Jackson,149,55,20.9,2.7,6.1,0.445,1.0,2.9,0.335,1.7,3.2,0.544,0.524,0.6,0.8,0.765,0.5,2.2,2.7,1.1,0.4,0.2,0.5,1.2,7.0,G
Tim Hardaway Jr.,403,179,26.1,4.6,11.0,0.418,1.8,5.4,0.34299999999999997,2.8,5.6,0.489,0.502,2.0,2.5,0.816,0.3,2.2,2.6,1.8,0.6,0.2,1.1,1.7,13.1,G
Luka Dončić,72,72,32.2,7.0,16.5,0.42700000000000005,2.3,7.1,0.327,4.7,9.3,0.503,0.49700000000000005,4.8,6.7,0.713,1.2,6.6,7.8,6.0,1.1,0.3,3.4,1.9,21.2,G
Ryan Broekhoff,42,0,10.8,1.4,3.0,0.452,0.9,2.2,0.409,0.5,0.8,0.5760000000000001,0.603,0.4,0.5,0.789,0.2,1.3,1.5,0.5,0.1,0.1,0.4,0.8,4.0,C
Jalen Brunson,73,38,21.8,3.6,7.7,0.467,0.9,2.5,0.348,2.8,5.3,0.523,0.523,1.2,1.6,0.725,0.3,2.0,2.3,3.2,0.5,0.1,1.2,1.7,9.3,F
Kostas Antetokounmpo,2,0,5.5,0.0,1.5,0.0,0.0,0.0,0.0,0.0,1.5,0.0,0.0,1.0,2.0,0.5,0.0,0.5,0.5,0.0,1.0,0.0,0.5,0.0,1.0,C
Daryl Macon,8,0,11.3,1.3,3.4,0.37,0.6,1.4,0.455,0.6,2.0,0.313,0.46299999999999997,0.5,0.9,0.5710000000000001,0.3,1.3,1.5,0.9,0.1,0.0,0.8,1.0,3.6,G
Delon Wright,198,18,19.2,2.7,6.0,0.445,0.6,1.8,0.332,2.1,4.2,0.495,0.496,1.4,1.8,0.7959999999999999,0.7,2.1,2.8,2.7,1.0,0.4,1.0,1.1,7.4,C
Seth Curry,192,53,21.6,3.4,7.3,0.467,1.6,3.6,0.439,1.8,3.7,0.494,0.575,0.9,1.1,0.845,0.3,1.6,1.9,1.7,0.7,0.1,1.0,1.4,9.3,G
Maxi Kleber,143,54,18.9,2.3,4.9,0.469,0.8,2.4,0.33799999999999997,1.5,2.4,0.599,0.5529999999999999,0.7,0.9,0.767,1.1,2.8,3.9,0.8,0.4,0.9,0.6,1.8,6.1,F
Dorian Finney-Smith,183,74,22.3,2.2,5.4,0.405,0.8,2.8,0.303,1.3,2.6,0.517,0.484,0.7,1.0,0.726,1.2,2.6,3.7,1.0,0.7,0.4,0.8,1.9,5.9,F
Kristaps Porziņģis,186,185,31.0,6.5,14.8,0.43700000000000006,1.5,4.2,0.361,5.0,10.6,0.467,0.488,3.3,4.1,0.804,1.6,5.4,7.1,1.3,0.7,2.0,1.8,3.2,17.8,G
Malik Beasley,165,19,15.9,2.8,6.0,0.461,1.2,3.1,0.38799999999999996,1.5,2.9,0.539,0.562,0.5,0.7,0.789,0.3,1.4,1.7,0.8,0.5,0.1,0.5,1.0,7.2,G
Jamal Murray,238,164,28.5,5.4,12.5,0.434,1.8,5.0,0.36200000000000004,3.6,7.4,0.483,0.507,2.2,2.5,0.879,0.8,2.7,3.5,3.4,0.8,0.3,1.9,1.9,14.8,G
Juan Hernangómez,157,37,15.8,1.7,3.9,0.43700000000000006,0.8,2.2,0.366,0.9,1.7,0.528,0.54,0.8,1.1,0.764,0.8,2.4,3.2,0.6,0.4,0.2,0.5,1.2,5.1,F
Paul Millsap,945,661,29.3,5.3,10.8,0.491,0.5,1.4,0.33399999999999996,4.8,9.4,0.513,0.512,3.0,4.2,0.7340000000000001,2.3,5.2,7.4,2.3,1.3,1.0,1.8,3.1,14.1,F
Mason Plumlee,471,256,22.1,3.3,5.8,0.57,0.0,0.1,0.07400000000000001,3.3,5.8,0.575,0.5710000000000001,1.8,3.2,0.565,2.0,4.3,6.3,2.2,0.8,1.0,1.5,2.7,8.5,G
Gary Harris,312,251,28.5,4.7,10.1,0.46,1.5,4.1,0.365,3.2,6.0,0.525,0.534,1.6,2.0,0.802,0.6,1.9,2.6,2.1,1.2,0.2,1.3,1.7,12.4,G
Jerami Grant,383,145,24.1,3.1,6.7,0.461,0.7,2.1,0.33399999999999996,2.4,4.5,0.522,0.515,1.9,2.9,0.654,1.0,3.0,3.9,1.0,0.6,1.2,0.9,2.3,8.8,F
Torrey Craig,114,42,18.7,1.9,4.4,0.445,0.7,2.2,0.317,1.3,2.2,0.569,0.523,0.6,0.9,0.6759999999999999,1.1,2.3,3.4,0.9,0.4,0.5,0.6,2.1,5.2,F
Nikola Jokić,308,267,28.3,6.2,11.9,0.523,0.9,2.5,0.345,5.4,9.4,0.5710000000000001,0.56,2.9,3.5,0.828,2.6,6.9,9.6,5.1,1.1,0.7,2.4,2.8,16.3,G
Will Barton,438,103,23.3,3.9,9.0,0.431,1.1,3.1,0.341,2.8,5.9,0.478,0.489,1.7,2.2,0.7879999999999999,0.7,3.3,3.9,2.4,0.7,0.4,1.3,1.5,10.5,G
Jarred Vanderbilt,17,0,4.1,0.5,1.1,0.474,0.0,0.1,0.0,0.5,1.1,0.5,0.474,0.4,0.6,0.6,0.4,0.9,1.4,0.2,0.4,0.1,0.5,0.5,1.4,G
Thomas Welsh,11,0,3.3,0.6,1.2,0.5379999999999999,0.3,0.6,0.429,0.4,0.5,0.667,0.654,0.1,0.2,0.5,0.0,0.4,0.4,0.5,0.0,0.0,0.1,0.3,1.6,F
Monte Morris,85,6,23.5,4.1,8.3,0.494,1.1,2.7,0.41200000000000003,3.0,5.6,0.5329999999999999,0.561,0.8,1.0,0.807,0.4,1.9,2.3,3.6,0.9,0.0,0.6,1.2,10.1,F
Reggie Jackson,530,332,25.2,4.8,11.2,0.429,1.1,3.4,0.33299999999999996,3.7,7.8,0.47100000000000003,0.479,2.2,2.5,0.8590000000000001,0.5,2.4,3.0,4.4,0.7,0.1,1.9,2.0,12.9,C
Andre Drummond,542,492,30.8,6.0,11.0,0.5429999999999999,0.0,0.1,0.147,6.0,10.9,0.547,0.544,2.1,4.8,0.44799999999999995,4.8,8.9,13.7,1.2,1.3,1.6,1.8,3.1,14.1,F
Thon Maker,195,51,14.2,1.7,3.9,0.42100000000000004,0.6,1.7,0.326,1.1,2.2,0.493,0.49200000000000005,0.8,1.2,0.677,0.8,2.0,2.8,0.6,0.4,0.7,0.5,1.8,4.6,F
Luke Kennard,136,19,21.3,3.2,7.2,0.441,1.4,3.4,0.40299999999999997,1.8,3.8,0.474,0.536,0.9,1.0,0.847,0.2,2.4,2.6,1.8,0.5,0.2,0.9,1.3,8.6,G
Langston Galloway,339,56,22.4,2.9,7.6,0.387,1.4,3.9,0.359,1.6,3.7,0.41700000000000004,0.479,0.9,1.2,0.799,0.5,2.1,2.6,1.7,0.7,0.2,0.6,1.7,8.2,G
Blake Griffin,604,604,35.0,8.2,16.4,0.502,0.6,1.8,0.342,7.6,14.5,0.522,0.521,4.8,6.9,0.6920000000000001,2.2,6.8,9.0,4.5,0.9,0.5,2.6,2.9,21.9,C
Tony Snell,442,218,21.8,2.3,5.4,0.425,1.2,3.1,0.382,1.1,2.3,0.48100000000000004,0.534,0.5,0.6,0.8190000000000001,0.3,2.1,2.4,1.0,0.5,0.2,0.6,1.4,6.2,G
Bruce Brown,74,56,19.6,1.7,4.2,0.39799999999999996,0.3,1.3,0.258,1.4,3.0,0.457,0.436,0.6,0.8,0.75,0.6,1.9,2.5,1.2,0.5,0.5,0.6,2.4,4.3,G
Sviatoslav Mykhailiuk,42,0,10.5,1.1,3.3,0.32899999999999996,0.7,2.1,0.326,0.4,1.2,0.33299999999999996,0.43200000000000005,0.3,0.5,0.6,0.2,0.6,0.9,0.9,0.3,0.0,0.5,0.6,3.2,F
Khyri Thomas,26,0,7.5,0.8,2.7,0.319,0.4,1.3,0.28600000000000003,0.5,1.3,0.353,0.391,0.3,0.4,0.636,0.2,0.6,0.8,0.3,0.3,0.2,0.2,0.8,2.3,G
Derrick Rose,546,489,33.2,7.3,16.2,0.45299999999999996,0.8,2.6,0.304,6.6,13.6,0.48100000000000004,0.47700000000000004,3.4,4.1,0.8240000000000001,0.9,2.6,3.5,5.6,0.8,0.3,2.7,1.3,18.8,G
Markieff Morris,579,331,26.0,4.5,10.0,0.449,0.8,2.3,0.33799999999999997,3.7,7.8,0.48100000000000004,0.48700000000000004,1.8,2.4,0.778,1.3,4.2,5.5,1.7,0.9,0.6,1.6,2.9,11.6,G
Tim Frazier,245,70,18.2,1.9,4.6,0.41200000000000003,0.5,1.4,0.32899999999999996,1.4,3.2,0.449,0.46299999999999997,0.9,1.3,0.731,0.5,1.9,2.4,4.1,0.7,0.1,1.3,1.8,5.2,F
Christian Wood,51,2,9.9,1.9,3.8,0.49200000000000005,0.3,0.8,0.31,1.6,3.0,0.5429999999999999,0.526,1.3,1.8,0.7070000000000001,0.9,2.1,2.9,0.3,0.3,0.5,0.5,0.8,5.3,F
Draymond Green,533,385,28.1,3.3,7.5,0.439,0.9,2.8,0.32299999999999995,2.4,4.7,0.509,0.5,1.6,2.2,0.706,1.2,5.8,6.9,4.9,1.4,1.1,2.0,2.8,9.1,F
Stephen Curry,694,688,34.4,8.1,17.1,0.47700000000000004,3.6,8.2,0.436,4.6,8.9,0.514,0.5820000000000001,3.7,4.0,0.905,0.7,3.8,4.5,6.6,1.7,0.2,3.1,2.5,23.5,F
Jacob Evans,30,1,6.8,0.6,1.8,0.34,0.1,0.5,0.267,0.5,1.3,0.368,0.377,0.0,0.0,0.0,0.2,0.6,0.8,0.8,0.2,0.1,0.4,0.9,1.3,F
Alfonzo McKinnie,86,5,12.3,1.7,3.4,0.49,0.5,1.5,0.354,1.1,1.9,0.595,0.5670000000000001,0.3,0.6,0.569,1.0,2.0,3.0,0.4,0.2,0.2,0.4,1.7,4.2,C
D'Angelo Russell,272,224,28.5,6.2,14.8,0.419,2.2,6.1,0.353,4.0,8.6,0.465,0.49200000000000005,2.0,2.6,0.762,0.6,3.1,3.7,5.1,1.2,0.2,2.8,1.9,16.5,F
Willie Cauley-Stein,295,199,24.0,4.2,7.9,0.534,0.0,0.1,0.0,4.2,7.9,0.536,0.535,1.6,2.6,0.611,1.8,4.6,6.4,1.6,0.9,0.8,1.0,2.4,10.1,F
Glenn Robinson III,219,51,14.4,1.6,3.7,0.439,0.5,1.3,0.361,1.2,2.5,0.48,0.501,0.6,0.9,0.726,0.5,1.6,2.1,0.6,0.4,0.2,0.4,0.7,4.4,G
Klay Thompson,615,578,33.1,7.3,16.0,0.45899999999999996,2.9,7.0,0.419,4.4,9.0,0.491,0.551,1.9,2.3,0.848,0.4,3.0,3.5,2.3,0.9,0.5,1.7,2.1,19.5,F
Kevon Looney,204,32,14.0,1.9,3.2,0.595,0.0,0.1,0.192,1.9,3.1,0.611,0.599,0.6,1.1,0.593,1.6,2.2,3.8,1.0,0.5,0.6,0.5,1.9,4.5,G
Alec Burks,429,67,21.1,3.3,7.8,0.423,0.7,1.9,0.355,2.6,5.9,0.445,0.466,2.3,2.9,0.7709999999999999,0.6,2.4,3.0,1.7,0.6,0.2,1.3,1.7,9.5,G
James Harden,765,552,34.1,7.2,16.2,0.44299999999999995,2.6,7.3,0.365,4.5,9.0,0.506,0.525,7.3,8.5,0.857,0.8,4.5,5.2,6.2,1.6,0.5,3.6,2.6,24.3,F
Eric Gordon,629,496,33.0,5.7,13.3,0.428,2.3,6.2,0.374,3.4,7.1,0.475,0.515,3.0,3.7,0.8140000000000001,0.4,2.1,2.5,2.9,0.9,0.3,2.0,2.0,16.7,F
P.J. Tucker,582,406,28.7,2.7,6.4,0.42200000000000004,1.0,2.8,0.361,1.7,3.6,0.469,0.501,1.0,1.4,0.7440000000000001,1.6,4.1,5.7,1.4,1.2,0.3,1.0,2.4,7.4,G
Russell Westbrook,821,804,34.5,8.1,18.6,0.434,1.1,3.6,0.308,6.9,14.9,0.465,0.465,5.7,7.1,0.8009999999999999,1.7,5.3,7.0,8.4,1.8,0.3,4.1,2.5,23.0,G
Isaiah Hartenstein,28,0,7.9,0.7,1.5,0.488,0.1,0.2,0.33299999999999996,0.6,1.3,0.514,0.512,0.4,0.5,0.7859999999999999,0.8,0.9,1.7,0.5,0.3,0.4,0.5,2.0,1.9,F
Clint Capela,295,235,25.1,5.2,8.1,0.635,0.0,0.0,0.0,5.2,8.1,0.635,0.635,1.7,3.1,0.525,3.1,6.1,9.2,0.9,0.7,1.4,1.2,2.5,12.0,F
Gary Clark,51,2,12.6,1.0,3.0,0.331,0.8,2.7,0.297,0.2,0.3,0.6920000000000001,0.467,0.1,0.1,1.0,0.5,1.8,2.3,0.4,0.4,0.5,0.1,0.9,2.9,C
Deyonta Davis,107,6,12.1,1.9,3.1,0.599,0.0,0.0,0.0,1.9,3.1,0.601,0.599,0.5,0.8,0.635,1.0,2.3,3.2,0.4,0.2,0.6,0.4,1.7,4.2,G
Chris Chiozza,7,0,4.7,0.3,1.1,0.25,0.3,0.7,0.4,0.0,0.4,0.0,0.375,0.0,0.0,0.0,0.1,0.4,0.6,0.6,0.1,0.1,0.1,0.3,0.9,G
Danuel House,63,16,22.0,2.8,6.0,0.457,1.4,3.7,0.377,1.3,2.3,0.586,0.573,1.3,1.6,0.794,0.6,2.8,3.4,1.0,0.4,0.3,0.7,1.6,8.2,F
Austin Rivers,484,145,24.6,3.4,8.2,0.41700000000000004,1.1,3.1,0.34700000000000003,2.4,5.2,0.45899999999999996,0.48200000000000004,1.3,2.0,0.637,0.3,1.7,2.0,2.4,0.7,0.2,1.2,2.2,9.2,F
Tyson Chandler,1134,881,27.7,3.1,5.2,0.596,0.0,0.0,0.0,3.1,5.2,0.597,0.596,2.1,3.3,0.645,3.1,6.1,9.2,0.8,0.6,1.2,1.5,2.9,8.4,F
Victor Oladipo,402,345,33.2,6.4,14.6,0.44299999999999995,1.5,4.4,0.35200000000000004,4.9,10.2,0.48200000000000004,0.495,3.1,3.9,0.7929999999999999,0.6,4.0,4.6,4.0,1.7,0.5,2.6,2.4,17.5,G
Domantas Sabonis,229,90,23.1,4.1,8.0,0.513,0.3,0.9,0.34299999999999997,3.8,7.1,0.535,0.5329999999999999,1.8,2.5,0.722,1.7,5.0,6.8,1.9,0.6,0.4,1.7,2.9,10.4,F
T.J. Leaf,111,1,8.8,1.5,2.9,0.511,0.2,0.7,0.35600000000000004,1.2,2.2,0.557,0.552,0.3,0.4,0.617,0.6,1.2,1.9,0.3,0.1,0.2,0.2,0.7,3.4,G
T.J. Warren,261,165,27.7,6.0,12.0,0.49700000000000005,0.6,1.8,0.34,5.4,10.3,0.524,0.522,1.8,2.4,0.7659999999999999,1.5,2.7,4.1,1.1,0.9,0.5,1.0,2.3,14.4,C
Aaron Holiday,50,0,12.9,2.1,5.2,0.401,0.9,2.5,0.33899999999999997,1.2,2.7,0.45899999999999996,0.483,0.8,1.0,0.82,0.1,1.2,1.3,1.7,0.4,0.3,0.8,1.4,5.9,G
Doug McDermott,341,14,19.9,2.9,6.4,0.45899999999999996,1.1,2.7,0.40399999999999997,1.8,3.7,0.5,0.545,0.8,1.0,0.825,0.4,1.8,2.1,0.8,0.2,0.1,0.6,1.4,7.8,G
Alize Johnson,14,0,4.6,0.3,1.1,0.25,0.1,0.1,0.5,0.2,1.0,0.214,0.281,0.3,0.6,0.5,0.3,1.1,1.4,0.1,0.1,0.2,0.0,0.5,0.9,G
Myles Turner,280,247,28.1,5.0,10.1,0.495,0.6,1.7,0.363,4.4,8.3,0.522,0.526,2.3,3.0,0.7709999999999999,1.4,5.2,6.7,1.2,0.7,2.1,1.3,2.9,12.9,F
C.J. Wilcox,66,0,5.7,0.8,2.0,0.37,0.3,0.9,0.33299999999999996,0.5,1.2,0.397,0.441,0.2,0.2,0.813,0.1,0.4,0.5,0.5,0.2,0.1,0.3,0.5,2.0,G
Malcolm Brogdon,187,112,28.1,4.9,10.1,0.484,1.3,3.2,0.408,3.6,6.9,0.519,0.5479999999999999,1.7,1.9,0.895,0.7,2.8,3.5,3.6,0.9,0.2,1.4,2.0,12.8,G
Jeremy Lamb,435,86,20.5,3.8,8.6,0.44299999999999995,1.0,3.0,0.33899999999999997,2.8,5.6,0.499,0.502,1.6,1.9,0.853,0.5,3.1,3.7,1.5,0.7,0.3,0.8,1.6,10.2,F
Maurice Harkless,475,276,23.1,2.9,6.2,0.47600000000000003,0.6,1.9,0.32299999999999995,2.3,4.3,0.544,0.525,0.9,1.4,0.614,1.2,2.5,3.7,0.9,1.0,0.7,0.9,2.0,7.3,F
Lou Williams,936,110,24.6,4.6,10.8,0.42100000000000004,1.3,3.8,0.349,3.2,7.0,0.45899999999999996,0.48200000000000004,3.8,4.5,0.8390000000000001,0.4,1.8,2.2,3.3,0.9,0.2,1.7,1.3,14.2,G
Landry Shamet,79,27,22.8,3.0,7.1,0.431,2.1,5.0,0.42200000000000004,0.9,2.0,0.45299999999999996,0.581,0.9,1.2,0.8059999999999999,0.3,1.4,1.7,1.5,0.5,0.1,0.6,2.0,9.1,C
Jerome Robinson,33,0,9.7,1.3,3.3,0.4,0.5,1.7,0.316,0.8,1.6,0.491,0.48200000000000004,0.2,0.3,0.667,0.1,1.2,1.2,0.6,0.3,0.1,0.4,1.4,3.4,G
Paul George,604,556,33.8,6.7,15.5,0.433,2.4,6.3,0.37799999999999995,4.3,9.2,0.47,0.509,4.0,4.8,0.8440000000000001,0.9,5.5,6.4,3.3,1.8,0.4,2.6,2.7,19.8,G
Montrezl Harrell,255,23,19.2,4.6,7.3,0.629,0.0,0.1,0.156,4.6,7.2,0.637,0.63,2.0,3.1,0.629,1.5,2.9,4.4,1.2,0.5,0.8,1.0,2.2,11.2,F
Kawhi Leonard,467,440,30.8,6.4,12.9,0.495,1.4,3.6,0.38299999999999995,5.0,9.4,0.5379999999999999,0.5479999999999999,3.5,4.1,0.848,1.3,5.1,6.3,2.4,1.8,0.7,1.5,1.7,17.7,G
Ivica Zubac,140,48,14.7,2.9,5.3,0.54,0.0,0.0,0.0,2.9,5.3,0.5429999999999999,0.54,1.2,1.6,0.7609999999999999,1.4,3.2,4.6,0.8,0.3,0.7,0.9,1.8,6.9,C
Patrick Beverley,380,300,28.3,3.2,7.7,0.41200000000000003,1.6,4.2,0.38,1.6,3.5,0.452,0.517,1.1,1.4,0.77,1.2,3.1,4.3,3.5,1.2,0.4,1.3,3.1,9.0,G
JaMychal Green,299,151,22.2,3.2,6.7,0.479,0.6,1.7,0.369,2.6,5.0,0.515,0.524,1.4,1.8,0.77,1.9,4.2,6.1,0.9,0.6,0.4,1.2,2.7,8.4,F
Anthony Davis,466,461,34.6,8.9,17.2,0.517,0.4,1.2,0.314,8.5,16.0,0.5329999999999999,0.528,5.5,6.9,0.795,2.6,7.9,10.5,2.1,1.4,2.4,1.9,2.4,23.7,G
Kyle Kuzma,147,105,32.1,6.6,14.5,0.45299999999999996,2.0,5.8,0.335,4.6,8.6,0.5329999999999999,0.521,2.3,3.1,0.731,1.0,4.9,5.9,2.2,0.6,0.4,1.9,2.2,17.3,G
LeBron James,1198,1197,38.6,9.9,19.6,0.504,1.4,4.2,0.34299999999999997,8.4,15.4,0.5479999999999999,0.541,6.0,8.1,0.736,1.2,6.2,7.4,7.2,1.6,0.8,3.5,1.8,27.2,F
Danny Green,620,544,25.4,3.2,7.5,0.424,1.9,4.6,0.40399999999999997,1.3,2.9,0.457,0.5489999999999999,0.7,0.9,0.8170000000000001,0.6,2.9,3.5,1.6,1.0,0.8,1.0,1.7,9.0,C
DeMarcus Cousins,565,543,32.0,7.6,16.5,0.461,0.6,1.8,0.332,7.0,14.6,0.47700000000000004,0.479,5.5,7.4,0.737,2.8,8.1,10.9,3.2,1.4,1.2,3.5,3.8,21.2,G
Kentavious Caldwell-Pope,470,371,29.7,4.3,10.4,0.41200000000000003,1.7,4.9,0.345,2.6,5.5,0.47200000000000003,0.493,1.7,2.1,0.799,0.7,2.7,3.3,1.6,1.2,0.2,1.0,1.9,11.9,F
JaVale McGee,633,249,17.4,3.4,6.0,0.57,0.0,0.0,0.07400000000000001,3.4,6.0,0.573,0.57,1.2,2.0,0.588,1.9,3.2,5.1,0.4,0.4,1.6,1.0,2.2,8.0,G
Quinn Cook,121,28,16.4,3.0,6.3,0.474,1.1,2.7,0.418,1.8,3.5,0.518,0.565,0.4,0.5,0.7859999999999999,0.3,1.8,2.0,1.9,0.3,0.0,0.8,1.4,7.4,G
Jared Dudley,847,285,23.2,2.8,6.1,0.465,1.0,2.6,0.392,1.8,3.5,0.519,0.5489999999999999,1.1,1.5,0.732,0.9,2.3,3.3,1.6,0.8,0.2,0.9,1.9,7.7,G
Troy Daniels,292,20,15.5,2.4,5.9,0.402,1.7,4.4,0.4,0.6,1.6,0.408,0.5489999999999999,0.5,0.6,0.816,0.2,1.1,1.3,0.6,0.3,0.1,0.6,1.3,7.0,F
Alex Caruso,62,11,17.6,2.0,4.7,0.439,0.6,1.5,0.39799999999999996,1.5,3.2,0.45899999999999996,0.503,1.2,1.5,0.7659999999999999,0.6,1.6,2.1,2.5,0.8,0.3,1.4,1.7,5.9,F
Rajon Rondo,825,726,31.7,4.3,9.5,0.46,0.4,1.3,0.315,3.9,8.1,0.483,0.48200000000000004,1.3,2.1,0.605,1.0,3.8,4.8,8.5,1.7,0.1,2.8,2.2,10.4,C
Avery Bradley,522,449,28.7,4.9,11.1,0.436,1.3,3.6,0.364,3.5,7.6,0.47,0.494,1.0,1.3,0.778,0.7,2.3,3.0,1.8,1.0,0.2,1.4,2.2,12.0,F
Jae Crowder,543,244,24.2,3.3,7.8,0.423,1.4,4.0,0.33899999999999997,1.9,3.8,0.513,0.511,1.5,2.0,0.778,0.7,3.2,3.9,1.4,1.0,0.3,0.8,2.0,9.5,C
Solomon Hill,305,168,22.7,2.0,5.2,0.395,0.8,2.3,0.32899999999999996,1.3,2.9,0.447,0.467,1.1,1.3,0.809,0.7,2.6,3.3,1.5,0.7,0.2,0.9,1.8,5.9,F
Miles Plumlee,346,168,16.4,2.2,4.0,0.542,0.0,0.0,0.0,2.2,4.0,0.542,0.542,0.6,1.1,0.5429999999999999,1.6,2.9,4.5,0.5,0.4,0.7,0.9,1.6,4.9,C
Josh Jackson,156,64,25.3,4.7,11.4,0.415,0.8,2.8,0.294,3.9,8.5,0.455,0.452,2.1,3.2,0.65,1.0,3.4,4.5,1.9,1.0,0.6,2.0,2.7,12.3,G
Andre Iguodala,1108,779,33.4,4.4,9.4,0.466,0.9,2.7,0.33299999999999996,3.5,6.7,0.518,0.513,2.5,3.5,0.71,0.9,4.1,5.1,4.4,1.5,0.5,1.9,1.8,12.1,G
Dillon Brooks,100,74,26.8,3.9,8.9,0.435,1.1,3.0,0.359,2.8,5.9,0.475,0.496,1.5,2.0,0.745,0.6,2.3,2.9,1.5,0.8,0.2,1.4,2.8,10.3,G
Ivan Rabb,85,18,14.6,2.4,4.3,0.555,0.0,0.2,0.2,2.3,4.1,0.57,0.5589999999999999,0.9,1.2,0.743,1.4,2.8,4.3,1.0,0.3,0.3,0.8,1.7,5.7,G
Jaren Jackson Jr.,58,56,26.1,5.1,10.2,0.506,0.9,2.4,0.359,4.3,7.7,0.5529999999999999,0.5489999999999999,2.6,3.4,0.7659999999999999,1.3,3.4,4.7,1.1,0.9,1.4,1.7,3.8,13.8,G
Grayson Allen,38,2,10.9,1.8,4.7,0.376,0.8,2.6,0.32299999999999995,0.9,2.1,0.44299999999999995,0.466,1.2,1.6,0.75,0.1,0.5,0.6,0.7,0.2,0.2,0.9,1.2,5.6,G
Kyle Anderson,300,140,19.6,2.1,4.4,0.49200000000000005,0.2,0.6,0.324,2.0,3.8,0.519,0.514,0.9,1.2,0.706,0.7,3.3,3.9,1.9,1.0,0.5,0.9,1.4,5.3,F
Dwight Howard,1044,1043,34.5,6.3,10.7,0.583,0.0,0.1,0.0,6.3,10.7,0.586,0.583,4.8,8.5,0.5670000000000001,3.5,9.1,12.6,1.5,0.9,2.0,2.9,3.2,17.4,G
Yuta Watanabe,15,0,11.6,1.0,3.4,0.294,0.1,1.1,0.125,0.9,2.3,0.371,0.314,0.5,0.7,0.7,0.3,1.8,2.1,0.5,0.3,0.1,0.4,0.7,2.6,G
De'Anthony Melton,50,31,19.7,2.0,5.1,0.391,0.6,1.9,0.305,1.4,3.2,0.441,0.447,0.4,0.6,0.75,0.5,2.2,2.7,3.2,1.4,0.5,1.5,2.3,5.0,G
Bruno Caboclo,69,20,14.7,1.7,4.3,0.392,0.8,2.4,0.344,0.9,1.9,0.451,0.486,0.7,0.8,0.8390000000000001,0.8,2.0,2.8,0.9,0.3,0.6,0.8,1.4,4.9,G
Tyus Jones,247,34,17.7,1.9,4.5,0.419,0.5,1.5,0.33299999999999996,1.4,3.0,0.46399999999999997,0.47700000000000004,0.8,0.9,0.8190000000000001,0.2,1.3,1.5,3.3,1.0,0.1,0.7,1.1,5.1,F
Jonas Valančiūnas,489,461,25.2,4.7,8.5,0.5579999999999999,0.1,0.3,0.35700000000000004,4.7,8.2,0.565,0.564,2.5,3.2,0.7859999999999999,2.6,5.9,8.5,0.8,0.4,1.0,1.5,2.8,12.1,G
Goran Dragić,758,508,28.0,5.1,10.9,0.466,1.1,3.2,0.363,3.9,7.7,0.508,0.518,2.5,3.2,0.762,0.7,2.3,3.1,4.8,1.0,0.2,2.2,2.3,13.7,C
Meyers Leonard,393,42,15.5,2.1,4.4,0.479,0.7,1.8,0.385,1.4,2.7,0.542,0.556,0.6,0.7,0.828,0.7,3.0,3.7,0.9,0.2,0.3,0.7,2.2,5.6,G
